2026.04.30 13:25:37 INFO  Started: Metals version 1.6.7 in folders '/Users/swalia/Desktop/Projects/Summit2026/vhol-snowflake-storage-iceberg-w-horizon' for client Visual Studio Code 1.118.1.
2026.04.30 13:25:37 INFO  Memory monitor started
2026.04.30 13:25:37 WARN  Using H2 2.4.240 which is newer than the version Flyway has been verified with. The latest verified version of H2 is 2.3.232.
2026.04.30 13:25:37 INFO  no build target found for /Users/swalia/Desktop/Projects/Summit2026/vhol-snowflake-storage-iceberg-w-horizon/ssv2-streaming/src/main/java/com/snowflake/snowpipestreaming/demo/SSV2WeatherIngest.java. Using fallback presentation compiler.
2026.04.30 13:25:37 INFO  no build target found for /Users/swalia/Desktop/Projects/Summit2026/vhol-snowflake-storage-iceberg-w-horizon/ssv2-streaming/src/main/java/com/snowflake/snowpipestreaming/demo/SSV2WeatherIngest.java. Using fallback presentation compiler.
2026.04.30 13:25:41 WARN  no build target for: /Users/swalia/Desktop/Projects/Summit2026/vhol-snowflake-storage-iceberg-w-horizon/ssv2-streaming/src/main/java/com/snowflake/snowpipestreaming/demo/SSV2WeatherIngest.java
2026.04.30 13:25:44 INFO  no build target found for /Users/swalia/Desktop/Projects/Summit2026/vhol-snowflake-storage-iceberg-w-horizon/ssv2-streaming/src/main/java/com/snowflake/snowpipestreaming/demo/SSV2WeatherIngest.java. Using fallback presentation compiler.
2026.04.30 13:25:44 WARN  no build target for: /Users/swalia/Desktop/Projects/Summit2026/vhol-snowflake-storage-iceberg-w-horizon/ssv2-streaming/src/main/java/com/snowflake/snowpipestreaming/demo/SSV2WeatherIngest.java
2026.04.30 13:25:44 INFO  no build target found for /Users/swalia/Desktop/Projects/Summit2026/vhol-snowflake-storage-iceberg-w-horizon/ssv2-streaming/src/main/java/com/snowflake/snowpipestreaming/demo/SSV2WeatherIngest.java. Using fallback presentation compiler.
2026.04.30 13:25:44 INFO  no build target found for /Users/swalia/Desktop/Projects/Summit2026/vhol-snowflake-storage-iceberg-w-horizon/ssv2-streaming/src/main/java/com/snowflake/snowpipestreaming/demo/SSV2WeatherIngest.java. Using fallback presentation compiler.
2026.04.30 13:25:44 INFO  no build target found for /Users/swalia/Desktop/Projects/Summit2026/vhol-snowflake-storage-iceberg-w-horizon/ssv2-streaming/src/main/java/com/snowflake/snowpipestreaming/demo/SSV2WeatherIngest.java. Using fallback presentation compiler.
2026.04.30 13:25:44 INFO  no build target found for /Users/swalia/Desktop/Projects/Summit2026/vhol-snowflake-storage-iceberg-w-horizon/ssv2-streaming/src/main/java/com/snowflake/snowpipestreaming/demo/SSV2WeatherIngest.java. Using fallback presentation compiler.
2026.04.30 13:25:46 INFO  no build target found for /Users/swalia/Desktop/Projects/Summit2026/vhol-snowflake-storage-iceberg-w-horizon/ssv2-streaming/src/main/java/com/snowflake/snowpipestreaming/demo/SSV2WeatherIngest.java. Using fallback presentation compiler.
2026.04.30 13:25:46 INFO  no build target found for /Users/swalia/Desktop/Projects/Summit2026/vhol-snowflake-storage-iceberg-w-horizon/ssv2-streaming/src/main/java/com/snowflake/snowpipestreaming/demo/SSV2WeatherIngest.java. Using fallback presentation compiler.
2026.04.30 13:25:49 INFO  no build target found for /Users/swalia/Desktop/Projects/Summit2026/vhol-snowflake-storage-iceberg-w-horizon/ssv2-streaming/src/main/java/com/snowflake/snowpipestreaming/demo/SSV2WeatherIngest.java. Using fallback presentation compiler.
2026.04.30 13:25:49 INFO  no build target found for /Users/swalia/Desktop/Projects/Summit2026/vhol-snowflake-storage-iceberg-w-horizon/ssv2-streaming/src/main/java/com/snowflake/snowpipestreaming/demo/SSV2WeatherIngest.java. Using fallback presentation compiler.
2026.04.30 13:25:52 INFO  no build target found for /Users/swalia/Desktop/Projects/Summit2026/vhol-snowflake-storage-iceberg-w-horizon/ssv2-streaming/src/main/java/com/snowflake/snowpipestreaming/demo/SSV2WeatherIngest.java. Using fallback presentation compiler.
2026.04.30 13:25:55 WARN  no build target for: /Users/swalia/Desktop/Projects/Summit2026/vhol-snowflake-storage-iceberg-w-horizon/ssv2-streaming/src/main/java/com/snowflake/snowpipestreaming/demo/SSV2WeatherIngest.java
2026.04.30 13:25:55 INFO  no build target found for /Users/swalia/Desktop/Projects/Summit2026/vhol-snowflake-storage-iceberg-w-horizon/ssv2-streaming/src/main/java/com/snowflake/snowpipestreaming/demo/SSV2WeatherIngest.java. Using fallback presentation compiler.
2026.04.30 13:25:57 INFO  no build target found for /Users/swalia/Desktop/Projects/Summit2026/vhol-snowflake-storage-iceberg-w-horizon/ssv2-streaming/src/main/java/com/snowflake/snowpipestreaming/demo/SSV2WeatherIngest.java. Using fallback presentation compiler.
2026.04.30 13:26:11 INFO  no build target found for /Users/swalia/Desktop/Projects/Summit2026/vhol-snowflake-storage-iceberg-w-horizon/ssv2-streaming/src/main/java/com/snowflake/snowpipestreaming/demo/SSV2WeatherIngest.java. Using fallback presentation compiler.
2026.04.30 13:26:23 INFO  no build target found for /Users/swalia/Desktop/Projects/Summit2026/vhol-snowflake-storage-iceberg-w-horizon/ssv2-streaming/src/main/java/com/snowflake/snowpipestreaming/demo/SSV2WeatherIngest.java. Using fallback presentation compiler.
2026.04.30 13:47:01 INFO  no build target found for /Users/swalia/Desktop/Projects/Summit2026/vhol-snowflake-storage-iceberg-w-horizon/ssv2-streaming/src/main/java/com/snowflake/snowpipestreaming/demo/SSV2WeatherIngest.java. Using fallback presentation compiler.
2026.04.30 13:47:01 WARN  no build target for: /Users/swalia/Desktop/Projects/Summit2026/vhol-snowflake-storage-iceberg-w-horizon/ssv2-streaming/src/main/java/com/snowflake/snowpipestreaming/demo/SSV2WeatherIngest.java
2026.04.30 13:47:01 INFO  no build target found for /Users/swalia/Desktop/Projects/Summit2026/vhol-snowflake-storage-iceberg-w-horizon/ssv2-streaming/src/main/java/com/snowflake/snowpipestreaming/demo/SSV2WeatherIngest.java. Using fallback presentation compiler.
2026.04.30 13:47:02 INFO  no build target found for /Users/swalia/Desktop/Projects/Summit2026/vhol-snowflake-storage-iceberg-w-horizon/ssv2-streaming/src/main/java/com/snowflake/snowpipestreaming/demo/SSV2WeatherIngest.java. Using fallback presentation compiler.
2026.04.30 13:47:05 INFO  no build target found for /Users/swalia/Desktop/Projects/Summit2026/vhol-snowflake-storage-iceberg-w-horizon/ssv2-streaming/src/main/java/com/snowflake/snowpipestreaming/demo/SSV2WeatherIngest.java. Using fallback presentation compiler.
2026.04.30 13:47:07 INFO  no build target found for /Users/swalia/Desktop/Projects/Summit2026/vhol-snowflake-storage-iceberg-w-horizon/ssv2-streaming/src/main/java/com/snowflake/snowpipestreaming/demo/SSV2WeatherIngest.java. Using fallback presentation compiler.
2026.04.30 13:47:09 INFO  no build target found for /Users/swalia/Desktop/Projects/Summit2026/vhol-snowflake-storage-iceberg-w-horizon/ssv2-streaming/src/main/java/com/snowflake/snowpipestreaming/demo/SSV2WeatherIngest.java. Using fallback presentation compiler.
2026.04.30 13:47:09 INFO  no build target found for /Users/swalia/Desktop/Projects/Summit2026/vhol-snowflake-storage-iceberg-w-horizon/ssv2-streaming/src/main/java/com/snowflake/snowpipestreaming/demo/SSV2WeatherIngest.java. Using fallback presentation compiler.
2026.04.30 13:47:17 INFO  no build target found for /Users/swalia/Desktop/Projects/Summit2026/vhol-snowflake-storage-iceberg-w-horizon/ssv2-streaming/src/main/java/com/snowflake/snowpipestreaming/demo/SSV2WeatherIngest.java. Using fallback presentation compiler.
2026.04.30 13:47:17 INFO  no build target found for /Users/swalia/Desktop/Projects/Summit2026/vhol-snowflake-storage-iceberg-w-horizon/ssv2-streaming/src/main/java/com/snowflake/snowpipestreaming/demo/SSV2WeatherIngest.java. Using fallback presentation compiler.
2026.04.30 13:47:17 INFO  no build target found for /Users/swalia/Desktop/Projects/Summit2026/vhol-snowflake-storage-iceberg-w-horizon/ssv2-streaming/src/main/java/com/snowflake/snowpipestreaming/demo/SSV2WeatherIngest.java. Using fallback presentation compiler.
2026.04.30 13:47:18 INFO  no build target found for /Users/swalia/Desktop/Projects/Summit2026/vhol-snowflake-storage-iceberg-w-horizon/ssv2-streaming/src/main/java/com/snowflake/snowpipestreaming/demo/SSV2WeatherIngest.java. Using fallback presentation compiler.
2026.04.30 13:47:18 INFO  no build target found for /Users/swalia/Desktop/Projects/Summit2026/vhol-snowflake-storage-iceberg-w-horizon/ssv2-streaming/src/main/java/com/snowflake/snowpipestreaming/demo/SSV2WeatherIngest.java. Using fallback presentation compiler.
2026.04.30 13:47:20 INFO  no build target found for /Users/swalia/Desktop/Projects/Summit2026/vhol-snowflake-storage-iceberg-w-horizon/ssv2-streaming/src/main/java/com/snowflake/snowpipestreaming/demo/SSV2WeatherIngest.java. Using fallback presentation compiler.
2026.04.30 13:47:20 INFO  no build target found for /Users/swalia/Desktop/Projects/Summit2026/vhol-snowflake-storage-iceberg-w-horizon/ssv2-streaming/src/main/java/com/snowflake/snowpipestreaming/demo/SSV2WeatherIngest.java. Using fallback presentation compiler.
2026.04.30 13:47:21 INFO  no build target found for /Users/swalia/Desktop/Projects/Summit2026/vhol-snowflake-storage-iceberg-w-horizon/ssv2-streaming/src/main/java/com/snowflake/snowpipestreaming/demo/SSV2WeatherIngest.java. Using fallback presentation compiler.
2026.04.30 13:47:21 INFO  no build target found for /Users/swalia/Desktop/Projects/Summit2026/vhol-snowflake-storage-iceberg-w-horizon/ssv2-streaming/src/main/java/com/snowflake/snowpipestreaming/demo/SSV2WeatherIngest.java. Using fallback presentation compiler.
2026.04.30 13:47:21 INFO  no build target found for /Users/swalia/Desktop/Projects/Summit2026/vhol-snowflake-storage-iceberg-w-horizon/ssv2-streaming/src/main/java/com/snowflake/snowpipestreaming/demo/SSV2WeatherIngest.java. Using fallback presentation compiler.
2026.04.30 13:47:21 INFO  no build target found for /Users/swalia/Desktop/Projects/Summit2026/vhol-snowflake-storage-iceberg-w-horizon/ssv2-streaming/src/main/java/com/snowflake/snowpipestreaming/demo/SSV2WeatherIngest.java. Using fallback presentation compiler.
2026.04.30 13:47:22 INFO  no build target found for /Users/swalia/Desktop/Projects/Summit2026/vhol-snowflake-storage-iceberg-w-horizon/ssv2-streaming/src/main/java/com/snowflake/snowpipestreaming/demo/SSV2WeatherIngest.java. Using fallback presentation compiler.
2026.04.30 13:47:22 INFO  no build target found for /Users/swalia/Desktop/Projects/Summit2026/vhol-snowflake-storage-iceberg-w-horizon/ssv2-streaming/src/main/java/com/snowflake/snowpipestreaming/demo/SSV2WeatherIngest.java. Using fallback presentation compiler.
2026.04.30 13:47:23 INFO  no build target found for /Users/swalia/Desktop/Projects/Summit2026/vhol-snowflake-storage-iceberg-w-horizon/ssv2-streaming/src/main/java/com/snowflake/snowpipestreaming/demo/SSV2WeatherIngest.java. Using fallback presentation compiler.
2026.04.30 13:47:22 INFO  no build target found for /Users/swalia/Desktop/Projects/Summit2026/vhol-snowflake-storage-iceberg-w-horizon/ssv2-streaming/src/main/java/com/snowflake/snowpipestreaming/demo/SSV2WeatherIngest.java. Using fallback presentation compiler.
2026.04.30 13:47:23 INFO  no build target found for /Users/swalia/Desktop/Projects/Summit2026/vhol-snowflake-storage-iceberg-w-horizon/ssv2-streaming/src/main/java/com/snowflake/snowpipestreaming/demo/SSV2WeatherIngest.java. Using fallback presentation compiler.
2026.04.30 13:47:24 INFO  no build target found for /Users/swalia/Desktop/Projects/Summit2026/vhol-snowflake-storage-iceberg-w-horizon/ssv2-streaming/src/main/java/com/snowflake/snowpipestreaming/demo/SSV2WeatherIngest.java. Using fallback presentation compiler.
2026.04.30 13:47:24 INFO  no build target found for /Users/swalia/Desktop/Projects/Summit2026/vhol-snowflake-storage-iceberg-w-horizon/ssv2-streaming/src/main/java/com/snowflake/snowpipestreaming/demo/SSV2WeatherIngest.java. Using fallback presentation compiler.
2026.04.30 13:47:23 INFO  no build target found for /Users/swalia/Desktop/Projects/Summit2026/vhol-snowflake-storage-iceberg-w-horizon/ssv2-streaming/src/main/java/com/snowflake/snowpipestreaming/demo/SSV2WeatherIngest.java. Using fallback presentation compiler.
2026.04.30 13:47:24 INFO  no build target found for /Users/swalia/Desktop/Projects/Summit2026/vhol-snowflake-storage-iceberg-w-horizon/ssv2-streaming/src/main/java/com/snowflake/snowpipestreaming/demo/SSV2WeatherIngest.java. Using fallback presentation compiler.
2026.04.30 13:47:24 INFO  no build target found for /Users/swalia/Desktop/Projects/Summit2026/vhol-snowflake-storage-iceberg-w-horizon/ssv2-streaming/src/main/java/com/snowflake/snowpipestreaming/demo/SSV2WeatherIngest.java. Using fallback presentation compiler.
2026.04.30 13:47:25 INFO  no build target found for /Users/swalia/Desktop/Projects/Summit2026/vhol-snowflake-storage-iceberg-w-horizon/ssv2-streaming/src/main/java/com/snowflake/snowpipestreaming/demo/SSV2WeatherIngest.java. Using fallback presentation compiler.
2026.04.30 13:47:25 INFO  no build target found for /Users/swalia/Desktop/Projects/Summit2026/vhol-snowflake-storage-iceberg-w-horizon/ssv2-streaming/src/main/java/com/snowflake/snowpipestreaming/demo/SSV2WeatherIngest.java. Using fallback presentation compiler.
2026.04.30 13:47:25 INFO  no build target found for /Users/swalia/Desktop/Projects/Summit2026/vhol-snowflake-storage-iceberg-w-horizon/ssv2-streaming/src/main/java/com/snowflake/snowpipestreaming/demo/SSV2WeatherIngest.java. Using fallback presentation compiler.
2026.04.30 13:47:25 INFO  no build target found for /Users/swalia/Desktop/Projects/Summit2026/vhol-snowflake-storage-iceberg-w-horizon/ssv2-streaming/src/main/java/com/snowflake/snowpipestreaming/demo/SSV2WeatherIngest.java. Using fallback presentation compiler.
2026.04.30 13:47:25 INFO  no build target found for /Users/swalia/Desktop/Projects/Summit2026/vhol-snowflake-storage-iceberg-w-horizon/ssv2-streaming/src/main/java/com/snowflake/snowpipestreaming/demo/SSV2WeatherIngest.java. Using fallback presentation compiler.
2026.04.30 13:47:25 INFO  no build target found for /Users/swalia/Desktop/Projects/Summit2026/vhol-snowflake-storage-iceberg-w-horizon/ssv2-streaming/src/main/java/com/snowflake/snowpipestreaming/demo/SSV2WeatherIngest.java. Using fallback presentation compiler.
2026.04.30 13:47:26 INFO  no build target found for /Users/swalia/Desktop/Projects/Summit2026/vhol-snowflake-storage-iceberg-w-horizon/ssv2-streaming/src/main/java/com/snowflake/snowpipestreaming/demo/SSV2WeatherIngest.java. Using fallback presentation compiler.
2026.04.30 13:47:26 INFO  no build target found for /Users/swalia/Desktop/Projects/Summit2026/vhol-snowflake-storage-iceberg-w-horizon/ssv2-streaming/src/main/java/com/snowflake/snowpipestreaming/demo/SSV2WeatherIngest.java. Using fallback presentation compiler.
2026.04.30 13:47:31 INFO  no build target found for /Users/swalia/Desktop/Projects/Summit2026/vhol-snowflake-storage-iceberg-w-horizon/ssv2-streaming/src/main/java/com/snowflake/snowpipestreaming/demo/SSV2WeatherIngest.java. Using fallback presentation compiler.
2026.04.30 13:47:31 INFO  no build target found for /Users/swalia/Desktop/Projects/Summit2026/vhol-snowflake-storage-iceberg-w-horizon/ssv2-streaming/src/main/java/com/snowflake/snowpipestreaming/demo/SSV2WeatherIngest.java. Using fallback presentation compiler.
2026.04.30 13:47:32 INFO  no build target found for /Users/swalia/Desktop/Projects/Summit2026/vhol-snowflake-storage-iceberg-w-horizon/ssv2-streaming/src/main/java/com/snowflake/snowpipestreaming/demo/SSV2WeatherIngest.java. Using fallback presentation compiler.
2026.04.30 13:47:40 INFO  no build target found for /Users/swalia/Desktop/Projects/Summit2026/vhol-snowflake-storage-iceberg-w-horizon/ssv2-streaming/src/main/java/com/snowflake/snowpipestreaming/demo/SSV2WeatherIngest.java. Using fallback presentation compiler.
2026.04.30 13:47:42 INFO  no build target found for /Users/swalia/Desktop/Projects/Summit2026/vhol-snowflake-storage-iceberg-w-horizon/ssv2-streaming/src/main/java/com/snowflake/snowpipestreaming/demo/SSV2WeatherIngest.java. Using fallback presentation compiler.
2026.04.30 13:47:42 INFO  no build target found for /Users/swalia/Desktop/Projects/Summit2026/vhol-snowflake-storage-iceberg-w-horizon/ssv2-streaming/src/main/java/com/snowflake/snowpipestreaming/demo/SSV2WeatherIngest.java. Using fallback presentation compiler.
2026.04.30 13:55:05 INFO  no build target found for /Users/swalia/Desktop/Projects/Summit2026/vhol-snowflake-storage-iceberg-w-horizon/ssv2-streaming/src/main/java/com/snowflake/snowpipestreaming/demo/SSV2WeatherIngest.java. Using fallback presentation compiler.
2026.04.30 13:55:05 WARN  no build target for: /Users/swalia/Desktop/Projects/Summit2026/vhol-snowflake-storage-iceberg-w-horizon/ssv2-streaming/src/main/java/com/snowflake/snowpipestreaming/demo/SSV2WeatherIngest.java
2026.04.30 13:55:05 INFO  no build target found for /Users/swalia/Desktop/Projects/Summit2026/vhol-snowflake-storage-iceberg-w-horizon/ssv2-streaming/src/main/java/com/snowflake/snowpipestreaming/demo/SSV2WeatherIngest.java. Using fallback presentation compiler.
2026.04.30 13:55:05 INFO  no build target found for /Users/swalia/Desktop/Projects/Summit2026/vhol-snowflake-storage-iceberg-w-horizon/ssv2-streaming/src/main/java/com/snowflake/snowpipestreaming/demo/SSV2WeatherIngest.java. Using fallback presentation compiler.
2026.04.30 13:55:05 INFO  no build target found for /Users/swalia/Desktop/Projects/Summit2026/vhol-snowflake-storage-iceberg-w-horizon/ssv2-streaming/src/main/java/com/snowflake/snowpipestreaming/demo/SSV2WeatherIngest.java. Using fallback presentation compiler.
2026.04.30 13:55:05 INFO  no build target found for /Users/swalia/Desktop/Projects/Summit2026/vhol-snowflake-storage-iceberg-w-horizon/ssv2-streaming/src/main/java/com/snowflake/snowpipestreaming/demo/SSV2WeatherIngest.java. Using fallback presentation compiler.
2026.04.30 15:06:53 INFO  no build target found for /Users/swalia/Desktop/Projects/Summit2026/vhol-snowflake-storage-iceberg-w-horizon/ssv2-streaming/src/main/java/com/snowflake/snowpipestreaming/demo/SSV2WeatherIngest.java. Using fallback presentation compiler.
2026.04.30 15:06:53 WARN  no build target for: /Users/swalia/Desktop/Projects/Summit2026/vhol-snowflake-storage-iceberg-w-horizon/ssv2-streaming/src/main/java/com/snowflake/snowpipestreaming/demo/SSV2WeatherIngest.java
2026.04.30 15:06:53 INFO  no build target found for /Users/swalia/Desktop/Projects/Summit2026/vhol-snowflake-storage-iceberg-w-horizon/ssv2-streaming/src/main/java/com/snowflake/snowpipestreaming/demo/SSV2WeatherIngest.java. Using fallback presentation compiler.
2026.04.30 15:06:53 INFO  no build target found for /Users/swalia/Desktop/Projects/Summit2026/vhol-snowflake-storage-iceberg-w-horizon/ssv2-streaming/src/main/java/com/snowflake/snowpipestreaming/demo/SSV2WeatherIngest.java. Using fallback presentation compiler.
2026.04.30 15:06:53 INFO  no build target found for /Users/swalia/Desktop/Projects/Summit2026/vhol-snowflake-storage-iceberg-w-horizon/ssv2-streaming/src/main/java/com/snowflake/snowpipestreaming/demo/SSV2WeatherIngest.java. Using fallback presentation compiler.
2026.04.30 15:06:53 INFO  no build target found for /Users/swalia/Desktop/Projects/Summit2026/vhol-snowflake-storage-iceberg-w-horizon/ssv2-streaming/src/main/java/com/snowflake/snowpipestreaming/demo/SSV2WeatherIngest.java. Using fallback presentation compiler.
2026.04.30 15:06:56 INFO  no build target found for /Users/swalia/Desktop/Projects/Summit2026/vhol-snowflake-storage-iceberg-w-horizon/ssv2-streaming/src/main/java/com/snowflake/snowpipestreaming/demo/SSV2WeatherIngest.java. Using fallback presentation compiler.
2026.04.30 15:06:58 INFO  no build target found for /Users/swalia/Desktop/Projects/Summit2026/vhol-snowflake-storage-iceberg-w-horizon/ssv2-streaming/src/main/java/com/snowflake/snowpipestreaming/demo/SSV2WeatherIngest.java. Using fallback presentation compiler.
2026.04.30 15:06:58 INFO  no build target found for /Users/swalia/Desktop/Projects/Summit2026/vhol-snowflake-storage-iceberg-w-horizon/ssv2-streaming/src/main/java/com/snowflake/snowpipestreaming/demo/SSV2WeatherIngest.java. Using fallback presentation compiler.
2026.04.30 15:07:00 INFO  no build target found for /Users/swalia/Desktop/Projects/Summit2026/vhol-snowflake-storage-iceberg-w-horizon/ssv2-streaming/src/main/java/com/snowflake/snowpipestreaming/demo/SSV2WeatherIngest.java. Using fallback presentation compiler.
2026.04.30 15:07:00 INFO  no build target found for /Users/swalia/Desktop/Projects/Summit2026/vhol-snowflake-storage-iceberg-w-horizon/ssv2-streaming/src/main/java/com/snowflake/snowpipestreaming/demo/SSV2WeatherIngest.java. Using fallback presentation compiler.
2026.04.30 15:07:00 INFO  no build target found for /Users/swalia/Desktop/Projects/Summit2026/vhol-snowflake-storage-iceberg-w-horizon/ssv2-streaming/src/main/java/com/snowflake/snowpipestreaming/demo/SSV2WeatherIngest.java. Using fallback presentation compiler.
2026.04.30 15:07:01 INFO  no build target found for /Users/swalia/Desktop/Projects/Summit2026/vhol-snowflake-storage-iceberg-w-horizon/ssv2-streaming/src/main/java/com/snowflake/snowpipestreaming/demo/SSV2WeatherIngest.java. Using fallback presentation compiler.
2026.04.30 15:07:30 INFO  no build target found for /Users/swalia/Desktop/Projects/Summit2026/vhol-snowflake-storage-iceberg-w-horizon/ssv2-streaming/src/main/java/com/snowflake/snowpipestreaming/demo/SSV2WeatherIngest.java. Using fallback presentation compiler.
2026.04.30 15:07:32 INFO  no build target found for /Users/swalia/Desktop/Projects/Summit2026/vhol-snowflake-storage-iceberg-w-horizon/ssv2-streaming/src/main/java/com/snowflake/snowpipestreaming/demo/SSV2WeatherIngest.java. Using fallback presentation compiler.
2026.04.30 15:07:32 INFO  no build target found for /Users/swalia/Desktop/Projects/Summit2026/vhol-snowflake-storage-iceberg-w-horizon/ssv2-streaming/src/main/java/com/snowflake/snowpipestreaming/demo/SSV2WeatherIngest.java. Using fallback presentation compiler.
2026.04.30 15:07:34 INFO  no build target found for /Users/swalia/Desktop/Projects/Summit2026/vhol-snowflake-storage-iceberg-w-horizon/ssv2-streaming/src/main/java/com/snowflake/snowpipestreaming/demo/SSV2WeatherIngest.java. Using fallback presentation compiler.
2026.04.30 15:07:37 INFO  no build target found for /Users/swalia/Desktop/Projects/Summit2026/vhol-snowflake-storage-iceberg-w-horizon/ssv2-streaming/src/main/java/com/snowflake/snowpipestreaming/demo/SSV2WeatherIngest.java. Using fallback presentation compiler.
2026.04.30 15:07:38 INFO  no build target found for /Users/swalia/Desktop/Projects/Summit2026/vhol-snowflake-storage-iceberg-w-horizon/ssv2-streaming/src/main/java/com/snowflake/snowpipestreaming/demo/SSV2WeatherIngest.java. Using fallback presentation compiler.
2026.04.30 15:07:38 INFO  no build target found for /Users/swalia/Desktop/Projects/Summit2026/vhol-snowflake-storage-iceberg-w-horizon/ssv2-streaming/src/main/java/com/snowflake/snowpipestreaming/demo/SSV2WeatherIngest.java. Using fallback presentation compiler.
2026.04.30 15:07:40 INFO  no build target found for /Users/swalia/Desktop/Projects/Summit2026/vhol-snowflake-storage-iceberg-w-horizon/ssv2-streaming/src/main/java/com/snowflake/snowpipestreaming/demo/SSV2WeatherIngest.java. Using fallback presentation compiler.
2026.04.30 15:07:40 INFO  no build target found for /Users/swalia/Desktop/Projects/Summit2026/vhol-snowflake-storage-iceberg-w-horizon/ssv2-streaming/src/main/java/com/snowflake/snowpipestreaming/demo/SSV2WeatherIngest.java. Using fallback presentation compiler.
2026.04.30 15:07:45 INFO  no build target found for /Users/swalia/Desktop/Projects/Summit2026/vhol-snowflake-storage-iceberg-w-horizon/ssv2-streaming/src/main/java/com/snowflake/snowpipestreaming/demo/SSV2WeatherIngest.java. Using fallback presentation compiler.
2026.04.30 15:07:46 INFO  no build target found for /Users/swalia/Desktop/Projects/Summit2026/vhol-snowflake-storage-iceberg-w-horizon/ssv2-streaming/src/main/java/com/snowflake/snowpipestreaming/demo/SSV2WeatherIngest.java. Using fallback presentation compiler.
2026.04.30 15:07:46 INFO  no build target found for /Users/swalia/Desktop/Projects/Summit2026/vhol-snowflake-storage-iceberg-w-horizon/ssv2-streaming/src/main/java/com/snowflake/snowpipestreaming/demo/SSV2WeatherIngest.java. Using fallback presentation compiler.
2026.04.30 15:07:48 INFO  no build target found for /Users/swalia/Desktop/Projects/Summit2026/vhol-snowflake-storage-iceberg-w-horizon/ssv2-streaming/src/main/java/com/snowflake/snowpipestreaming/demo/SSV2WeatherIngest.java. Using fallback presentation compiler.
2026.04.30 15:07:51 INFO  no build target found for /Users/swalia/Desktop/Projects/Summit2026/vhol-snowflake-storage-iceberg-w-horizon/ssv2-streaming/src/main/java/com/snowflake/snowpipestreaming/demo/SSV2WeatherIngest.java. Using fallback presentation compiler.
2026.04.30 15:07:52 INFO  no build target found for /Users/swalia/Desktop/Projects/Summit2026/vhol-snowflake-storage-iceberg-w-horizon/ssv2-streaming/src/main/java/com/snowflake/snowpipestreaming/demo/SSV2WeatherIngest.java. Using fallback presentation compiler.
2026.04.30 15:07:52 INFO  no build target found for /Users/swalia/Desktop/Projects/Summit2026/vhol-snowflake-storage-iceberg-w-horizon/ssv2-streaming/src/main/java/com/snowflake/snowpipestreaming/demo/SSV2WeatherIngest.java. Using fallback presentation compiler.
2026.04.30 15:07:52 INFO  no build target found for /Users/swalia/Desktop/Projects/Summit2026/vhol-snowflake-storage-iceberg-w-horizon/ssv2-streaming/src/main/java/com/snowflake/snowpipestreaming/demo/SSV2WeatherIngest.java. Using fallback presentation compiler.
2026.04.30 15:07:52 INFO  no build target found for /Users/swalia/Desktop/Projects/Summit2026/vhol-snowflake-storage-iceberg-w-horizon/ssv2-streaming/src/main/java/com/snowflake/snowpipestreaming/demo/SSV2WeatherIngest.java. Using fallback presentation compiler.
2026.04.30 15:07:52 INFO  no build target found for /Users/swalia/Desktop/Projects/Summit2026/vhol-snowflake-storage-iceberg-w-horizon/ssv2-streaming/src/main/java/com/snowflake/snowpipestreaming/demo/SSV2WeatherIngest.java. Using fallback presentation compiler.
2026.04.30 15:07:52 INFO  no build target found for /Users/swalia/Desktop/Projects/Summit2026/vhol-snowflake-storage-iceberg-w-horizon/ssv2-streaming/src/main/java/com/snowflake/snowpipestreaming/demo/SSV2WeatherIngest.java. Using fallback presentation compiler.
2026.04.30 15:07:52 INFO  no build target found for /Users/swalia/Desktop/Projects/Summit2026/vhol-snowflake-storage-iceberg-w-horizon/ssv2-streaming/src/main/java/com/snowflake/snowpipestreaming/demo/SSV2WeatherIngest.java. Using fallback presentation compiler.
2026.04.30 15:07:54 INFO  no build target found for /Users/swalia/Desktop/Projects/Summit2026/vhol-snowflake-storage-iceberg-w-horizon/ssv2-streaming/src/main/java/com/snowflake/snowpipestreaming/demo/SSV2WeatherIngest.java. Using fallback presentation compiler.
2026.04.30 15:08:35 INFO  no build target found for /Users/swalia/Desktop/Projects/Summit2026/vhol-snowflake-storage-iceberg-w-horizon/ssv2-streaming/src/main/java/com/snowflake/snowpipestreaming/demo/SSV2WeatherIngest.java. Using fallback presentation compiler.
2026.04.30 15:08:35 WARN  no build target for: /Users/swalia/Desktop/Projects/Summit2026/vhol-snowflake-storage-iceberg-w-horizon/ssv2-streaming/src/main/java/com/snowflake/snowpipestreaming/demo/SSV2WeatherIngest.java
2026.04.30 15:08:35 INFO  no build target found for /Users/swalia/Desktop/Projects/Summit2026/vhol-snowflake-storage-iceberg-w-horizon/ssv2-streaming/src/main/java/com/snowflake/snowpipestreaming/demo/SSV2WeatherIngest.java. Using fallback presentation compiler.
2026.04.30 15:09:13 INFO  no build target found for /Users/swalia/Desktop/Projects/Summit2026/vhol-snowflake-storage-iceberg-w-horizon/ssv2-streaming/src/main/java/com/snowflake/snowpipestreaming/demo/SSV2WeatherIngest.java. Using fallback presentation compiler.
2026.04.30 15:09:13 INFO  no build target found for /Users/swalia/Desktop/Projects/Summit2026/vhol-snowflake-storage-iceberg-w-horizon/ssv2-streaming/src/main/java/com/snowflake/snowpipestreaming/demo/SSV2WeatherIngest.java. Using fallback presentation compiler.
2026.04.30 15:09:13 INFO  no build target found for /Users/swalia/Desktop/Projects/Summit2026/vhol-snowflake-storage-iceberg-w-horizon/ssv2-streaming/src/main/java/com/snowflake/snowpipestreaming/demo/SSV2WeatherIngest.java. Using fallback presentation compiler.
2026.04.30 15:09:17 INFO  no build target found for /Users/swalia/Desktop/Projects/Summit2026/vhol-snowflake-storage-iceberg-w-horizon/ssv2-streaming/src/main/java/com/snowflake/snowpipestreaming/demo/SSV2WeatherIngest.java. Using fallback presentation compiler.
2026.04.30 15:09:25 INFO  no build target found for /Users/swalia/Desktop/Projects/Summit2026/vhol-snowflake-storage-iceberg-w-horizon/ssv2-streaming/src/main/java/com/snowflake/snowpipestreaming/demo/SSV2WeatherIngest.java. Using fallback presentation compiler.
2026.04.30 15:09:25 INFO  no build target found for /Users/swalia/Desktop/Projects/Summit2026/vhol-snowflake-storage-iceberg-w-horizon/ssv2-streaming/src/main/java/com/snowflake/snowpipestreaming/demo/SSV2WeatherIngest.java. Using fallback presentation compiler.
2026.04.30 15:10:49 INFO  no build target found for /Users/swalia/Desktop/Projects/Summit2026/vhol-snowflake-storage-iceberg-w-horizon/ssv2-streaming/src/main/java/com/snowflake/snowpipestreaming/demo/SSV2WeatherIngest.java. Using fallback presentation compiler.
2026.04.30 15:10:49 WARN  no build target for: /Users/swalia/Desktop/Projects/Summit2026/vhol-snowflake-storage-iceberg-w-horizon/ssv2-streaming/src/main/java/com/snowflake/snowpipestreaming/demo/SSV2WeatherIngest.java
2026.04.30 15:10:49 INFO  no build target found for /Users/swalia/Desktop/Projects/Summit2026/vhol-snowflake-storage-iceberg-w-horizon/ssv2-streaming/src/main/java/com/snowflake/snowpipestreaming/demo/SSV2WeatherIngest.java. Using fallback presentation compiler.
2026.04.30 15:10:49 INFO  no build target found for /Users/swalia/Desktop/Projects/Summit2026/vhol-snowflake-storage-iceberg-w-horizon/ssv2-streaming/src/main/java/com/snowflake/snowpipestreaming/demo/SSV2WeatherIngest.java. Using fallback presentation compiler.
2026.04.30 15:10:49 INFO  no build target found for /Users/swalia/Desktop/Projects/Summit2026/vhol-snowflake-storage-iceberg-w-horizon/ssv2-streaming/src/main/java/com/snowflake/snowpipestreaming/demo/SSV2WeatherIngest.java. Using fallback presentation compiler.
2026.04.30 15:10:51 INFO  no build target found for /Users/swalia/Desktop/Projects/Summit2026/vhol-snowflake-storage-iceberg-w-horizon/ssv2-streaming/src/main/java/com/snowflake/snowpipestreaming/demo/SSV2WeatherIngest.java. Using fallback presentation compiler.
2026.04.30 15:10:51 INFO  no build target found for /Users/swalia/Desktop/Projects/Summit2026/vhol-snowflake-storage-iceberg-w-horizon/ssv2-streaming/src/main/java/com/snowflake/snowpipestreaming/demo/SSV2WeatherIngest.java. Using fallback presentation compiler.
2026.04.30 15:10:51 INFO  no build target found for /Users/swalia/Desktop/Projects/Summit2026/vhol-snowflake-storage-iceberg-w-horizon/ssv2-streaming/src/main/java/com/snowflake/snowpipestreaming/demo/SSV2WeatherIngest.java. Using fallback presentation compiler.
2026.04.30 15:10:51 INFO  no build target found for /Users/swalia/Desktop/Projects/Summit2026/vhol-snowflake-storage-iceberg-w-horizon/ssv2-streaming/src/main/java/com/snowflake/snowpipestreaming/demo/SSV2WeatherIngest.java. Using fallback presentation compiler.
2026.04.30 15:10:51 INFO  no build target found for /Users/swalia/Desktop/Projects/Summit2026/vhol-snowflake-storage-iceberg-w-horizon/ssv2-streaming/src/main/java/com/snowflake/snowpipestreaming/demo/SSV2WeatherIngest.java. Using fallback presentation compiler.
2026.04.30 15:10:51 INFO  no build target found for /Users/swalia/Desktop/Projects/Summit2026/vhol-snowflake-storage-iceberg-w-horizon/ssv2-streaming/src/main/java/com/snowflake/snowpipestreaming/demo/SSV2WeatherIngest.java. Using fallback presentation compiler.
2026.04.30 15:10:51 INFO  no build target found for /Users/swalia/Desktop/Projects/Summit2026/vhol-snowflake-storage-iceberg-w-horizon/ssv2-streaming/src/main/java/com/snowflake/snowpipestreaming/demo/SSV2WeatherIngest.java. Using fallback presentation compiler.
2026.04.30 15:10:52 INFO  no build target found for /Users/swalia/Desktop/Projects/Summit2026/vhol-snowflake-storage-iceberg-w-horizon/ssv2-streaming/src/main/java/com/snowflake/snowpipestreaming/demo/SSV2WeatherIngest.java. Using fallback presentation compiler.
2026.04.30 15:10:52 INFO  no build target found for /Users/swalia/Desktop/Projects/Summit2026/vhol-snowflake-storage-iceberg-w-horizon/ssv2-streaming/src/main/java/com/snowflake/snowpipestreaming/demo/SSV2WeatherIngest.java. Using fallback presentation compiler.
2026.04.30 15:10:52 INFO  no build target found for /Users/swalia/Desktop/Projects/Summit2026/vhol-snowflake-storage-iceberg-w-horizon/ssv2-streaming/src/main/java/com/snowflake/snowpipestreaming/demo/SSV2WeatherIngest.java. Using fallback presentation compiler.
2026.04.30 15:10:52 INFO  no build target found for /Users/swalia/Desktop/Projects/Summit2026/vhol-snowflake-storage-iceberg-w-horizon/ssv2-streaming/src/main/java/com/snowflake/snowpipestreaming/demo/SSV2WeatherIngest.java. Using fallback presentation compiler.
2026.04.30 15:10:52 INFO  no build target found for /Users/swalia/Desktop/Projects/Summit2026/vhol-snowflake-storage-iceberg-w-horizon/ssv2-streaming/src/main/java/com/snowflake/snowpipestreaming/demo/SSV2WeatherIngest.java. Using fallback presentation compiler.
2026.04.30 15:10:52 INFO  no build target found for /Users/swalia/Desktop/Projects/Summit2026/vhol-snowflake-storage-iceberg-w-horizon/ssv2-streaming/src/main/java/com/snowflake/snowpipestreaming/demo/SSV2WeatherIngest.java. Using fallback presentation compiler.
2026.04.30 15:10:52 INFO  no build target found for /Users/swalia/Desktop/Projects/Summit2026/vhol-snowflake-storage-iceberg-w-horizon/ssv2-streaming/src/main/java/com/snowflake/snowpipestreaming/demo/SSV2WeatherIngest.java. Using fallback presentation compiler.
2026.04.30 15:10:52 INFO  no build target found for /Users/swalia/Desktop/Projects/Summit2026/vhol-snowflake-storage-iceberg-w-horizon/ssv2-streaming/src/main/java/com/snowflake/snowpipestreaming/demo/SSV2WeatherIngest.java. Using fallback presentation compiler.
2026.04.30 15:10:52 INFO  no build target found for /Users/swalia/Desktop/Projects/Summit2026/vhol-snowflake-storage-iceberg-w-horizon/ssv2-streaming/src/main/java/com/snowflake/snowpipestreaming/demo/SSV2WeatherIngest.java. Using fallback presentation compiler.
2026.04.30 15:10:52 INFO  no build target found for /Users/swalia/Desktop/Projects/Summit2026/vhol-snowflake-storage-iceberg-w-horizon/ssv2-streaming/src/main/java/com/snowflake/snowpipestreaming/demo/SSV2WeatherIngest.java. Using fallback presentation compiler.
2026.04.30 15:10:52 INFO  no build target found for /Users/swalia/Desktop/Projects/Summit2026/vhol-snowflake-storage-iceberg-w-horizon/ssv2-streaming/src/main/java/com/snowflake/snowpipestreaming/demo/SSV2WeatherIngest.java. Using fallback presentation compiler.
2026.04.30 15:10:54 INFO  no build target found for /Users/swalia/Desktop/Projects/Summit2026/vhol-snowflake-storage-iceberg-w-horizon/ssv2-streaming/src/main/java/com/snowflake/snowpipestreaming/demo/SSV2WeatherIngest.java. Using fallback presentation compiler.
2026.04.30 15:10:54 INFO  no build target found for /Users/swalia/Desktop/Projects/Summit2026/vhol-snowflake-storage-iceberg-w-horizon/ssv2-streaming/src/main/java/com/snowflake/snowpipestreaming/demo/SSV2WeatherIngest.java. Using fallback presentation compiler.
2026.04.30 15:10:54 INFO  no build target found for /Users/swalia/Desktop/Projects/Summit2026/vhol-snowflake-storage-iceberg-w-horizon/ssv2-streaming/src/main/java/com/snowflake/snowpipestreaming/demo/SSV2WeatherIngest.java. Using fallback presentation compiler.
2026.04.30 15:10:54 INFO  no build target found for /Users/swalia/Desktop/Projects/Summit2026/vhol-snowflake-storage-iceberg-w-horizon/ssv2-streaming/src/main/java/com/snowflake/snowpipestreaming/demo/SSV2WeatherIngest.java. Using fallback presentation compiler.
2026.04.30 15:10:54 INFO  no build target found for /Users/swalia/Desktop/Projects/Summit2026/vhol-snowflake-storage-iceberg-w-horizon/ssv2-streaming/src/main/java/com/snowflake/snowpipestreaming/demo/SSV2WeatherIngest.java. Using fallback presentation compiler.
2026.04.30 15:10:55 INFO  no build target found for /Users/swalia/Desktop/Projects/Summit2026/vhol-snowflake-storage-iceberg-w-horizon/ssv2-streaming/src/main/java/com/snowflake/snowpipestreaming/demo/SSV2WeatherIngest.java. Using fallback presentation compiler.
2026.04.30 15:10:55 INFO  no build target found for /Users/swalia/Desktop/Projects/Summit2026/vhol-snowflake-storage-iceberg-w-horizon/ssv2-streaming/src/main/java/com/snowflake/snowpipestreaming/demo/SSV2WeatherIngest.java. Using fallback presentation compiler.
2026.04.30 15:10:55 INFO  no build target found for /Users/swalia/Desktop/Projects/Summit2026/vhol-snowflake-storage-iceberg-w-horizon/ssv2-streaming/src/main/java/com/snowflake/snowpipestreaming/demo/SSV2WeatherIngest.java. Using fallback presentation compiler.
2026.04.30 15:10:55 INFO  no build target found for /Users/swalia/Desktop/Projects/Summit2026/vhol-snowflake-storage-iceberg-w-horizon/ssv2-streaming/src/main/java/com/snowflake/snowpipestreaming/demo/SSV2WeatherIngest.java. Using fallback presentation compiler.
2026.04.30 15:10:55 INFO  no build target found for /Users/swalia/Desktop/Projects/Summit2026/vhol-snowflake-storage-iceberg-w-horizon/ssv2-streaming/src/main/java/com/snowflake/snowpipestreaming/demo/SSV2WeatherIngest.java. Using fallback presentation compiler.
2026.04.30 15:10:55 INFO  no build target found for /Users/swalia/Desktop/Projects/Summit2026/vhol-snowflake-storage-iceberg-w-horizon/ssv2-streaming/src/main/java/com/snowflake/snowpipestreaming/demo/SSV2WeatherIngest.java. Using fallback presentation compiler.
2026.04.30 15:10:55 INFO  no build target found for /Users/swalia/Desktop/Projects/Summit2026/vhol-snowflake-storage-iceberg-w-horizon/ssv2-streaming/src/main/java/com/snowflake/snowpipestreaming/demo/SSV2WeatherIngest.java. Using fallback presentation compiler.
2026.04.30 15:10:55 INFO  no build target found for /Users/swalia/Desktop/Projects/Summit2026/vhol-snowflake-storage-iceberg-w-horizon/ssv2-streaming/src/main/java/com/snowflake/snowpipestreaming/demo/SSV2WeatherIngest.java. Using fallback presentation compiler.
2026.04.30 15:10:55 INFO  no build target found for /Users/swalia/Desktop/Projects/Summit2026/vhol-snowflake-storage-iceberg-w-horizon/ssv2-streaming/src/main/java/com/snowflake/snowpipestreaming/demo/SSV2WeatherIngest.java. Using fallback presentation compiler.
2026.04.30 15:10:55 INFO  no build target found for /Users/swalia/Desktop/Projects/Summit2026/vhol-snowflake-storage-iceberg-w-horizon/ssv2-streaming/src/main/java/com/snowflake/snowpipestreaming/demo/SSV2WeatherIngest.java. Using fallback presentation compiler.
2026.04.30 15:10:55 INFO  no build target found for /Users/swalia/Desktop/Projects/Summit2026/vhol-snowflake-storage-iceberg-w-horizon/ssv2-streaming/src/main/java/com/snowflake/snowpipestreaming/demo/SSV2WeatherIngest.java. Using fallback presentation compiler.
2026.04.30 15:10:56 WARN  no build target for: /Users/swalia/Desktop/Projects/Summit2026/vhol-snowflake-storage-iceberg-w-horizon/ssv2-streaming/src/main/java/com/snowflake/snowpipestreaming/demo/SSV2WeatherIngest.java
2026.04.30 15:10:56 INFO  no build target found for /Users/swalia/Desktop/Projects/Summit2026/vhol-snowflake-storage-iceberg-w-horizon/ssv2-streaming/src/main/java/com/snowflake/snowpipestreaming/demo/SSV2WeatherIngest.java. Using fallback presentation compiler.
2026.04.30 15:10:56 WARN  no build target for: /Users/swalia/Desktop/Projects/Summit2026/vhol-snowflake-storage-iceberg-w-horizon/ssv2-streaming/src/main/java/com/snowflake/snowpipestreaming/demo/SSV2WeatherIngest.java
2026.04.30 15:10:56 INFO  no build target found for /Users/swalia/Desktop/Projects/Summit2026/vhol-snowflake-storage-iceberg-w-horizon/ssv2-streaming/src/main/java/com/snowflake/snowpipestreaming/demo/SSV2WeatherIngest.java. Using fallback presentation compiler.
2026.04.30 15:10:56 WARN  no build target for: /Users/swalia/Desktop/Projects/Summit2026/vhol-snowflake-storage-iceberg-w-horizon/ssv2-streaming/src/main/java/com/snowflake/snowpipestreaming/demo/SSV2WeatherIngest.java
2026.04.30 15:10:56 INFO  no build target found for /Users/swalia/Desktop/Projects/Summit2026/vhol-snowflake-storage-iceberg-w-horizon/ssv2-streaming/src/main/java/com/snowflake/snowpipestreaming/demo/SSV2WeatherIngest.java. Using fallback presentation compiler.
2026.04.30 15:10:56 INFO  no build target found for /Users/swalia/Desktop/Projects/Summit2026/vhol-snowflake-storage-iceberg-w-horizon/ssv2-streaming/src/main/java/com/snowflake/snowpipestreaming/demo/SSV2WeatherIngest.java. Using fallback presentation compiler.
2026.04.30 15:10:56 INFO  no build target found for /Users/swalia/Desktop/Projects/Summit2026/vhol-snowflake-storage-iceberg-w-horizon/ssv2-streaming/src/main/java/com/snowflake/snowpipestreaming/demo/SSV2WeatherIngest.java. Using fallback presentation compiler.
2026.04.30 15:10:56 INFO  no build target found for /Users/swalia/Desktop/Projects/Summit2026/vhol-snowflake-storage-iceberg-w-horizon/ssv2-streaming/src/main/java/com/snowflake/snowpipestreaming/demo/SSV2WeatherIngest.java. Using fallback presentation compiler.
2026.04.30 15:10:57 INFO  no build target found for /Users/swalia/Desktop/Projects/Summit2026/vhol-snowflake-storage-iceberg-w-horizon/ssv2-streaming/src/main/java/com/snowflake/snowpipestreaming/demo/SSV2WeatherIngest.java. Using fallback presentation compiler.
2026.04.30 15:11:00 INFO  no build target found for /Users/swalia/Desktop/Projects/Summit2026/vhol-snowflake-storage-iceberg-w-horizon/ssv2-streaming/src/main/java/com/snowflake/snowpipestreaming/demo/SSV2WeatherIngest.java. Using fallback presentation compiler.
2026.04.30 15:11:00 INFO  no build target found for /Users/swalia/Desktop/Projects/Summit2026/vhol-snowflake-storage-iceberg-w-horizon/ssv2-streaming/src/main/java/com/snowflake/snowpipestreaming/demo/SSV2WeatherIngest.java. Using fallback presentation compiler.
2026.04.30 15:11:00 INFO  no build target found for /Users/swalia/Desktop/Projects/Summit2026/vhol-snowflake-storage-iceberg-w-horizon/ssv2-streaming/src/main/java/com/snowflake/snowpipestreaming/demo/SSV2WeatherIngest.java. Using fallback presentation compiler.
2026.04.30 15:11:00 INFO  no build target found for /Users/swalia/Desktop/Projects/Summit2026/vhol-snowflake-storage-iceberg-w-horizon/ssv2-streaming/src/main/java/com/snowflake/snowpipestreaming/demo/SSV2WeatherIngest.java. Using fallback presentation compiler.
2026.04.30 15:11:02 INFO  no build target found for /Users/swalia/Desktop/Projects/Summit2026/vhol-snowflake-storage-iceberg-w-horizon/ssv2-streaming/src/main/java/com/snowflake/snowpipestreaming/demo/SSV2WeatherIngest.java. Using fallback presentation compiler.
2026.04.30 15:11:02 WARN  no build target for: /Users/swalia/Desktop/Projects/Summit2026/vhol-snowflake-storage-iceberg-w-horizon/ssv2-streaming/src/main/java/com/snowflake/snowpipestreaming/demo/SSV2WeatherIngest.java
2026.04.30 15:11:02 INFO  no build target found for /Users/swalia/Desktop/Projects/Summit2026/vhol-snowflake-storage-iceberg-w-horizon/ssv2-streaming/src/main/java/com/snowflake/snowpipestreaming/demo/SSV2WeatherIngest.java. Using fallback presentation compiler.
2026.04.30 15:11:02 INFO  no build target found for /Users/swalia/Desktop/Projects/Summit2026/vhol-snowflake-storage-iceberg-w-horizon/ssv2-streaming/src/main/java/com/snowflake/snowpipestreaming/demo/SSV2WeatherIngest.java. Using fallback presentation compiler.
2026.05.04 09:33:15 INFO  no build target found for /Users/swalia/Desktop/Projects/Summit2026/vhol-snowflake-storage-iceberg-w-horizon/ssv2-streaming/src/main/java/com/snowflake/snowpipestreaming/demo/SSV2WeatherIngest.java. Using fallback presentation compiler.
2026.05.04 09:33:15 INFO  no build target found for /Users/swalia/Desktop/Projects/Summit2026/vhol-snowflake-storage-iceberg-w-horizon/ssv2-streaming/src/main/java/com/snowflake/snowpipestreaming/demo/SSV2WeatherIngest.java. Using fallback presentation compiler.
2026.05.04 09:33:15 INFO  no build target found for /Users/swalia/Desktop/Projects/Summit2026/vhol-snowflake-storage-iceberg-w-horizon/ssv2-streaming/src/main/java/com/snowflake/snowpipestreaming/demo/SSV2WeatherIngest.java. Using fallback presentation compiler.
2026.05.04 09:33:15 INFO  no build target found for /Users/swalia/Desktop/Projects/Summit2026/vhol-snowflake-storage-iceberg-w-horizon/ssv2-streaming/src/main/java/com/snowflake/snowpipestreaming/demo/SSV2WeatherIngest.java. Using fallback presentation compiler.
2026.05.04 09:33:15 INFO  no build target found for /Users/swalia/Desktop/Projects/Summit2026/vhol-snowflake-storage-iceberg-w-horizon/ssv2-streaming/src/main/java/com/snowflake/snowpipestreaming/demo/SSV2WeatherIngest.java. Using fallback presentation compiler.
2026.05.04 09:33:15 INFO  no build target found for /Users/swalia/Desktop/Projects/Summit2026/vhol-snowflake-storage-iceberg-w-horizon/ssv2-streaming/src/main/java/com/snowflake/snowpipestreaming/demo/SSV2WeatherIngest.java. Using fallback presentation compiler.
2026.05.04 09:33:17 INFO  no build target found for /Users/swalia/Desktop/Projects/Summit2026/vhol-snowflake-storage-iceberg-w-horizon/ssv2-streaming/src/main/java/com/snowflake/snowpipestreaming/demo/SSV2WeatherIngest.java. Using fallback presentation compiler.
2026.05.04 09:33:17 INFO  no build target found for /Users/swalia/Desktop/Projects/Summit2026/vhol-snowflake-storage-iceberg-w-horizon/ssv2-streaming/src/main/java/com/snowflake/snowpipestreaming/demo/SSV2WeatherIngest.java. Using fallback presentation compiler.
2026.05.04 09:33:17 INFO  no build target found for /Users/swalia/Desktop/Projects/Summit2026/vhol-snowflake-storage-iceberg-w-horizon/ssv2-streaming/src/main/java/com/snowflake/snowpipestreaming/demo/SSV2WeatherIngest.java. Using fallback presentation compiler.
May 04, 2026 9:33:17 AM org.eclipse.lsp4j.jsonrpc.RemoteEndpoint handleCancellation
WARNING: Unmatched cancel notification for request id 355
May 04, 2026 9:33:17 AM org.eclipse.lsp4j.jsonrpc.RemoteEndpoint handleCancellation
WARNING: Unmatched cancel notification for request id 356
2026.05.04 09:33:17 INFO  no build target found for /Users/swalia/Desktop/Projects/Summit2026/vhol-snowflake-storage-iceberg-w-horizon/ssv2-streaming/src/main/java/com/snowflake/snowpipestreaming/demo/SSV2WeatherIngest.java. Using fallback presentation compiler.
2026.05.04 09:33:17 INFO  no build target found for /Users/swalia/Desktop/Projects/Summit2026/vhol-snowflake-storage-iceberg-w-horizon/ssv2-streaming/src/main/java/com/snowflake/snowpipestreaming/demo/SSV2WeatherIngest.java. Using fallback presentation compiler.
2026.05.04 09:33:17 INFO  no build target found for /Users/swalia/Desktop/Projects/Summit2026/vhol-snowflake-storage-iceberg-w-horizon/ssv2-streaming/src/main/java/com/snowflake/snowpipestreaming/demo/SSV2WeatherIngest.java. Using fallback presentation compiler.
2026.05.04 09:33:17 INFO  no build target found for /Users/swalia/Desktop/Projects/Summit2026/vhol-snowflake-storage-iceberg-w-horizon/ssv2-streaming/src/main/java/com/snowflake/snowpipestreaming/demo/SSV2WeatherIngest.java. Using fallback presentation compiler.
2026.05.04 09:33:17 INFO  no build target found for /Users/swalia/Desktop/Projects/Summit2026/vhol-snowflake-storage-iceberg-w-horizon/ssv2-streaming/src/main/java/com/snowflake/snowpipestreaming/demo/SSV2WeatherIngest.java. Using fallback presentation compiler.
2026.05.04 09:33:17 INFO  no build target found for /Users/swalia/Desktop/Projects/Summit2026/vhol-snowflake-storage-iceberg-w-horizon/ssv2-streaming/src/main/java/com/snowflake/snowpipestreaming/demo/SSV2WeatherIngest.java. Using fallback presentation compiler.
2026.05.04 09:33:17 INFO  no build target found for /Users/swalia/Desktop/Projects/Summit2026/vhol-snowflake-storage-iceberg-w-horizon/ssv2-streaming/src/main/java/com/snowflake/snowpipestreaming/demo/SSV2WeatherIngest.java. Using fallback presentation compiler.
2026.05.04 09:33:17 INFO  no build target found for /Users/swalia/Desktop/Projects/Summit2026/vhol-snowflake-storage-iceberg-w-horizon/ssv2-streaming/src/main/java/com/snowflake/snowpipestreaming/demo/SSV2WeatherIngest.java. Using fallback presentation compiler.
2026.05.04 09:33:17 INFO  no build target found for /Users/swalia/Desktop/Projects/Summit2026/vhol-snowflake-storage-iceberg-w-horizon/ssv2-streaming/src/main/java/com/snowflake/snowpipestreaming/demo/SSV2WeatherIngest.java. Using fallback presentation compiler.
2026.05.04 09:33:18 INFO  no build target found for /Users/swalia/Desktop/Projects/Summit2026/vhol-snowflake-storage-iceberg-w-horizon/ssv2-streaming/src/main/java/com/snowflake/snowpipestreaming/demo/SSV2WeatherIngest.java. Using fallback presentation compiler.
2026.05.04 09:33:18 INFO  no build target found for /Users/swalia/Desktop/Projects/Summit2026/vhol-snowflake-storage-iceberg-w-horizon/ssv2-streaming/src/main/java/com/snowflake/snowpipestreaming/demo/SSV2WeatherIngest.java. Using fallback presentation compiler.
2026.05.04 09:33:18 INFO  no build target found for /Users/swalia/Desktop/Projects/Summit2026/vhol-snowflake-storage-iceberg-w-horizon/ssv2-streaming/src/main/java/com/snowflake/snowpipestreaming/demo/SSV2WeatherIngest.java. Using fallback presentation compiler.
2026.05.04 09:33:18 INFO  no build target found for /Users/swalia/Desktop/Projects/Summit2026/vhol-snowflake-storage-iceberg-w-horizon/ssv2-streaming/src/main/java/com/snowflake/snowpipestreaming/demo/SSV2WeatherIngest.java. Using fallback presentation compiler.
2026.05.04 09:33:18 INFO  no build target found for /Users/swalia/Desktop/Projects/Summit2026/vhol-snowflake-storage-iceberg-w-horizon/ssv2-streaming/src/main/java/com/snowflake/snowpipestreaming/demo/SSV2WeatherIngest.java. Using fallback presentation compiler.
2026.05.04 09:33:18 INFO  no build target found for /Users/swalia/Desktop/Projects/Summit2026/vhol-snowflake-storage-iceberg-w-horizon/ssv2-streaming/src/main/java/com/snowflake/snowpipestreaming/demo/SSV2WeatherIngest.java. Using fallback presentation compiler.
2026.05.04 09:33:18 INFO  no build target found for /Users/swalia/Desktop/Projects/Summit2026/vhol-snowflake-storage-iceberg-w-horizon/ssv2-streaming/src/main/java/com/snowflake/snowpipestreaming/demo/SSV2WeatherIngest.java. Using fallback presentation compiler.
2026.05.04 09:33:20 INFO  no build target found for /Users/swalia/Desktop/Projects/Summit2026/vhol-snowflake-storage-iceberg-w-horizon/ssv2-streaming/src/main/java/com/snowflake/snowpipestreaming/demo/SSV2WeatherIngest.java. Using fallback presentation compiler.
2026.05.04 09:33:20 INFO  no build target found for /Users/swalia/Desktop/Projects/Summit2026/vhol-snowflake-storage-iceberg-w-horizon/ssv2-streaming/src/main/java/com/snowflake/snowpipestreaming/demo/SSV2WeatherIngest.java. Using fallback presentation compiler.
2026.05.04 09:33:20 INFO  no build target found for /Users/swalia/Desktop/Projects/Summit2026/vhol-snowflake-storage-iceberg-w-horizon/ssv2-streaming/src/main/java/com/snowflake/snowpipestreaming/demo/SSV2WeatherIngest.java. Using fallback presentation compiler.
2026.05.04 09:33:20 INFO  no build target found for /Users/swalia/Desktop/Projects/Summit2026/vhol-snowflake-storage-iceberg-w-horizon/ssv2-streaming/src/main/java/com/snowflake/snowpipestreaming/demo/SSV2WeatherIngest.java. Using fallback presentation compiler.
2026.05.04 09:33:20 INFO  no build target found for /Users/swalia/Desktop/Projects/Summit2026/vhol-snowflake-storage-iceberg-w-horizon/ssv2-streaming/src/main/java/com/snowflake/snowpipestreaming/demo/SSV2WeatherIngest.java. Using fallback presentation compiler.
2026.05.04 09:33:20 INFO  no build target found for /Users/swalia/Desktop/Projects/Summit2026/vhol-snowflake-storage-iceberg-w-horizon/ssv2-streaming/src/main/java/com/snowflake/snowpipestreaming/demo/SSV2WeatherIngest.java. Using fallback presentation compiler.
2026.05.04 09:33:20 INFO  no build target found for /Users/swalia/Desktop/Projects/Summit2026/vhol-snowflake-storage-iceberg-w-horizon/ssv2-streaming/src/main/java/com/snowflake/snowpipestreaming/demo/SSV2WeatherIngest.java. Using fallback presentation compiler.
2026.05.04 09:33:20 INFO  no build target found for /Users/swalia/Desktop/Projects/Summit2026/vhol-snowflake-storage-iceberg-w-horizon/ssv2-streaming/src/main/java/com/snowflake/snowpipestreaming/demo/SSV2WeatherIngest.java. Using fallback presentation compiler.
2026.05.04 09:33:20 INFO  no build target found for /Users/swalia/Desktop/Projects/Summit2026/vhol-snowflake-storage-iceberg-w-horizon/ssv2-streaming/src/main/java/com/snowflake/snowpipestreaming/demo/SSV2WeatherIngest.java. Using fallback presentation compiler.
2026.05.04 09:33:20 INFO  no build target found for /Users/swalia/Desktop/Projects/Summit2026/vhol-snowflake-storage-iceberg-w-horizon/ssv2-streaming/src/main/java/com/snowflake/snowpipestreaming/demo/SSV2WeatherIngest.java. Using fallback presentation compiler.
2026.05.04 09:33:20 INFO  no build target found for /Users/swalia/Desktop/Projects/Summit2026/vhol-snowflake-storage-iceberg-w-horizon/ssv2-streaming/src/main/java/com/snowflake/snowpipestreaming/demo/SSV2WeatherIngest.java. Using fallback presentation compiler.
2026.05.04 09:33:20 INFO  no build target found for /Users/swalia/Desktop/Projects/Summit2026/vhol-snowflake-storage-iceberg-w-horizon/ssv2-streaming/src/main/java/com/snowflake/snowpipestreaming/demo/SSV2WeatherIngest.java. Using fallback presentation compiler.
2026.05.04 09:33:20 INFO  no build target found for /Users/swalia/Desktop/Projects/Summit2026/vhol-snowflake-storage-iceberg-w-horizon/ssv2-streaming/src/main/java/com/snowflake/snowpipestreaming/demo/SSV2WeatherIngest.java. Using fallback presentation compiler.
2026.05.04 09:33:22 INFO  no build target found for /Users/swalia/Desktop/Projects/Summit2026/vhol-snowflake-storage-iceberg-w-horizon/ssv2-streaming/src/main/java/com/snowflake/snowpipestreaming/demo/SSV2WeatherIngest.java. Using fallback presentation compiler.
2026.05.04 09:33:22 INFO  no build target found for /Users/swalia/Desktop/Projects/Summit2026/vhol-snowflake-storage-iceberg-w-horizon/ssv2-streaming/src/main/java/com/snowflake/snowpipestreaming/demo/SSV2WeatherIngest.java. Using fallback presentation compiler.
2026.05.04 09:33:22 INFO  no build target found for /Users/swalia/Desktop/Projects/Summit2026/vhol-snowflake-storage-iceberg-w-horizon/ssv2-streaming/src/main/java/com/snowflake/snowpipestreaming/demo/SSV2WeatherIngest.java. Using fallback presentation compiler.
2026.05.04 09:33:22 INFO  no build target found for /Users/swalia/Desktop/Projects/Summit2026/vhol-snowflake-storage-iceberg-w-horizon/ssv2-streaming/src/main/java/com/snowflake/snowpipestreaming/demo/SSV2WeatherIngest.java. Using fallback presentation compiler.
2026.05.04 09:33:22 INFO  no build target found for /Users/swalia/Desktop/Projects/Summit2026/vhol-snowflake-storage-iceberg-w-horizon/ssv2-streaming/src/main/java/com/snowflake/snowpipestreaming/demo/SSV2WeatherIngest.java. Using fallback presentation compiler.
2026.05.04 09:33:22 INFO  no build target found for /Users/swalia/Desktop/Projects/Summit2026/vhol-snowflake-storage-iceberg-w-horizon/ssv2-streaming/src/main/java/com/snowflake/snowpipestreaming/demo/SSV2WeatherIngest.java. Using fallback presentation compiler.
2026.05.04 09:33:22 INFO  no build target found for /Users/swalia/Desktop/Projects/Summit2026/vhol-snowflake-storage-iceberg-w-horizon/ssv2-streaming/src/main/java/com/snowflake/snowpipestreaming/demo/SSV2WeatherIngest.java. Using fallback presentation compiler.
2026.05.04 09:33:22 INFO  no build target found for /Users/swalia/Desktop/Projects/Summit2026/vhol-snowflake-storage-iceberg-w-horizon/ssv2-streaming/src/main/java/com/snowflake/snowpipestreaming/demo/SSV2WeatherIngest.java. Using fallback presentation compiler.
2026.05.04 09:33:22 INFO  no build target found for /Users/swalia/Desktop/Projects/Summit2026/vhol-snowflake-storage-iceberg-w-horizon/ssv2-streaming/src/main/java/com/snowflake/snowpipestreaming/demo/SSV2WeatherIngest.java. Using fallback presentation compiler.
2026.05.04 09:33:22 INFO  no build target found for /Users/swalia/Desktop/Projects/Summit2026/vhol-snowflake-storage-iceberg-w-horizon/ssv2-streaming/src/main/java/com/snowflake/snowpipestreaming/demo/SSV2WeatherIngest.java. Using fallback presentation compiler.
2026.05.04 09:33:22 INFO  no build target found for /Users/swalia/Desktop/Projects/Summit2026/vhol-snowflake-storage-iceberg-w-horizon/ssv2-streaming/src/main/java/com/snowflake/snowpipestreaming/demo/SSV2WeatherIngest.java. Using fallback presentation compiler.
2026.05.04 09:33:23 INFO  no build target found for /Users/swalia/Desktop/Projects/Summit2026/vhol-snowflake-storage-iceberg-w-horizon/ssv2-streaming/src/main/java/com/snowflake/snowpipestreaming/demo/SSV2WeatherIngest.java. Using fallback presentation compiler.
2026.05.04 09:33:23 INFO  no build target found for /Users/swalia/Desktop/Projects/Summit2026/vhol-snowflake-storage-iceberg-w-horizon/ssv2-streaming/src/main/java/com/snowflake/snowpipestreaming/demo/SSV2WeatherIngest.java. Using fallback presentation compiler.
2026.05.04 09:33:23 WARN  no build target for: /Users/swalia/Desktop/Projects/Summit2026/vhol-snowflake-storage-iceberg-w-horizon/ssv2-streaming/src/main/java/com/snowflake/snowpipestreaming/demo/SSV2WeatherIngest.java
2026.05.04 09:33:23 INFO  no build target found for /Users/swalia/Desktop/Projects/Summit2026/vhol-snowflake-storage-iceberg-w-horizon/ssv2-streaming/src/main/java/com/snowflake/snowpipestreaming/demo/SSV2WeatherIngest.java. Using fallback presentation compiler.
2026.05.04 09:33:23 WARN  no build target for: /Users/swalia/Desktop/Projects/Summit2026/vhol-snowflake-storage-iceberg-w-horizon/ssv2-streaming/src/main/java/com/snowflake/snowpipestreaming/demo/SSV2WeatherIngest.java
2026.05.04 09:33:22 INFO  no build target found for /Users/swalia/Desktop/Projects/Summit2026/vhol-snowflake-storage-iceberg-w-horizon/ssv2-streaming/src/main/java/com/snowflake/snowpipestreaming/demo/SSV2WeatherIngest.java. Using fallback presentation compiler.
2026.05.04 09:33:23 WARN  no build target for: /Users/swalia/Desktop/Projects/Summit2026/vhol-snowflake-storage-iceberg-w-horizon/ssv2-streaming/src/main/java/com/snowflake/snowpipestreaming/demo/SSV2WeatherIngest.java
2026.05.04 09:33:23 INFO  no build target found for /Users/swalia/Desktop/Projects/Summit2026/vhol-snowflake-storage-iceberg-w-horizon/ssv2-streaming/src/main/java/com/snowflake/snowpipestreaming/demo/SSV2WeatherIngest.java. Using fallback presentation compiler.
2026.05.04 09:33:23 WARN  no build target for: /Users/swalia/Desktop/Projects/Summit2026/vhol-snowflake-storage-iceberg-w-horizon/ssv2-streaming/src/main/java/com/snowflake/snowpipestreaming/demo/SSV2WeatherIngest.java
2026.05.04 09:33:24 INFO  no build target found for /Users/swalia/Desktop/Projects/Summit2026/vhol-snowflake-storage-iceberg-w-horizon/ssv2-streaming/src/main/java/com/snowflake/snowpipestreaming/demo/SSV2WeatherIngest.java. Using fallback presentation compiler.
2026.05.04 09:33:23 WARN  no build target for: /Users/swalia/Desktop/Projects/Summit2026/vhol-snowflake-storage-iceberg-w-horizon/ssv2-streaming/src/main/java/com/snowflake/snowpipestreaming/demo/SSV2WeatherIngest.java
2026.05.04 09:33:24 INFO  no build target found for /Users/swalia/Desktop/Projects/Summit2026/vhol-snowflake-storage-iceberg-w-horizon/ssv2-streaming/src/main/java/com/snowflake/snowpipestreaming/demo/SSV2WeatherIngest.java. Using fallback presentation compiler.
2026.05.04 09:33:23 WARN  no build target for: /Users/swalia/Desktop/Projects/Summit2026/vhol-snowflake-storage-iceberg-w-horizon/ssv2-streaming/src/main/java/com/snowflake/snowpipestreaming/demo/SSV2WeatherIngest.java
2026.05.04 09:33:24 INFO  no build target found for /Users/swalia/Desktop/Projects/Summit2026/vhol-snowflake-storage-iceberg-w-horizon/ssv2-streaming/src/main/java/com/snowflake/snowpipestreaming/demo/SSV2WeatherIngest.java. Using fallback presentation compiler.
2026.05.04 09:35:52 INFO  no build target found for /Users/swalia/Desktop/Projects/Summit2026/vhol-snowflake-storage-iceberg-w-horizon/ssv2-streaming/src/main/java/com/snowflake/snowpipestreaming/demo/SSV2WeatherIngest.java. Using fallback presentation compiler.
2026.05.04 09:35:52 INFO  no build target found for /Users/swalia/Desktop/Projects/Summit2026/vhol-snowflake-storage-iceberg-w-horizon/ssv2-streaming/src/main/java/com/snowflake/snowpipestreaming/demo/SSV2WeatherIngest.java. Using fallback presentation compiler.
2026.05.04 09:35:52 INFO  no build target found for /Users/swalia/Desktop/Projects/Summit2026/vhol-snowflake-storage-iceberg-w-horizon/ssv2-streaming/src/main/java/com/snowflake/snowpipestreaming/demo/SSV2WeatherIngest.java. Using fallback presentation compiler.
2026.05.04 09:35:52 INFO  no build target found for /Users/swalia/Desktop/Projects/Summit2026/vhol-snowflake-storage-iceberg-w-horizon/ssv2-streaming/src/main/java/com/snowflake/snowpipestreaming/demo/SSV2WeatherIngest.java. Using fallback presentation compiler.
2026.05.04 09:35:53 INFO  no build target found for /Users/swalia/Desktop/Projects/Summit2026/vhol-snowflake-storage-iceberg-w-horizon/ssv2-streaming/src/main/java/com/snowflake/snowpipestreaming/demo/SSV2WeatherIngest.java. Using fallback presentation compiler.
2026.05.04 09:35:53 INFO  no build target found for /Users/swalia/Desktop/Projects/Summit2026/vhol-snowflake-storage-iceberg-w-horizon/ssv2-streaming/src/main/java/com/snowflake/snowpipestreaming/demo/SSV2WeatherIngest.java. Using fallback presentation compiler.
2026.05.04 09:35:53 INFO  no build target found for /Users/swalia/Desktop/Projects/Summit2026/vhol-snowflake-storage-iceberg-w-horizon/ssv2-streaming/src/main/java/com/snowflake/snowpipestreaming/demo/SSV2WeatherIngest.java. Using fallback presentation compiler.
2026.05.04 09:35:53 INFO  no build target found for /Users/swalia/Desktop/Projects/Summit2026/vhol-snowflake-storage-iceberg-w-horizon/ssv2-streaming/src/main/java/com/snowflake/snowpipestreaming/demo/SSV2WeatherIngest.java. Using fallback presentation compiler.
2026.05.04 09:35:53 INFO  no build target found for /Users/swalia/Desktop/Projects/Summit2026/vhol-snowflake-storage-iceberg-w-horizon/ssv2-streaming/src/main/java/com/snowflake/snowpipestreaming/demo/SSV2WeatherIngest.java. Using fallback presentation compiler.
2026.05.04 09:35:53 INFO  no build target found for /Users/swalia/Desktop/Projects/Summit2026/vhol-snowflake-storage-iceberg-w-horizon/ssv2-streaming/src/main/java/com/snowflake/snowpipestreaming/demo/SSV2WeatherIngest.java. Using fallback presentation compiler.
2026.05.04 09:35:53 INFO  no build target found for /Users/swalia/Desktop/Projects/Summit2026/vhol-snowflake-storage-iceberg-w-horizon/ssv2-streaming/src/main/java/com/snowflake/snowpipestreaming/demo/SSV2WeatherIngest.java. Using fallback presentation compiler.
2026.05.04 09:35:53 INFO  no build target found for /Users/swalia/Desktop/Projects/Summit2026/vhol-snowflake-storage-iceberg-w-horizon/ssv2-streaming/src/main/java/com/snowflake/snowpipestreaming/demo/SSV2WeatherIngest.java. Using fallback presentation compiler.
2026.05.04 09:35:54 INFO  no build target found for /Users/swalia/Desktop/Projects/Summit2026/vhol-snowflake-storage-iceberg-w-horizon/ssv2-streaming/src/main/java/com/snowflake/snowpipestreaming/demo/SSV2WeatherIngest.java. Using fallback presentation compiler.
2026.05.04 09:35:53 INFO  no build target found for /Users/swalia/Desktop/Projects/Summit2026/vhol-snowflake-storage-iceberg-w-horizon/ssv2-streaming/src/main/java/com/snowflake/snowpipestreaming/demo/SSV2WeatherIngest.java. Using fallback presentation compiler.
2026.05.04 09:35:55 INFO  no build target found for /Users/swalia/Desktop/Projects/Summit2026/vhol-snowflake-storage-iceberg-w-horizon/ssv2-streaming/src/main/java/com/snowflake/snowpipestreaming/demo/SSV2WeatherIngest.java. Using fallback presentation compiler.
2026.05.04 09:35:55 INFO  no build target found for /Users/swalia/Desktop/Projects/Summit2026/vhol-snowflake-storage-iceberg-w-horizon/ssv2-streaming/src/main/java/com/snowflake/snowpipestreaming/demo/SSV2WeatherIngest.java. Using fallback presentation compiler.
2026.05.04 09:35:55 INFO  no build target found for /Users/swalia/Desktop/Projects/Summit2026/vhol-snowflake-storage-iceberg-w-horizon/ssv2-streaming/src/main/java/com/snowflake/snowpipestreaming/demo/SSV2WeatherIngest.java. Using fallback presentation compiler.
2026.05.04 09:35:55 INFO  no build target found for /Users/swalia/Desktop/Projects/Summit2026/vhol-snowflake-storage-iceberg-w-horizon/ssv2-streaming/src/main/java/com/snowflake/snowpipestreaming/demo/SSV2WeatherIngest.java. Using fallback presentation compiler.
2026.05.04 09:35:55 INFO  no build target found for /Users/swalia/Desktop/Projects/Summit2026/vhol-snowflake-storage-iceberg-w-horizon/ssv2-streaming/src/main/java/com/snowflake/snowpipestreaming/demo/SSV2WeatherIngest.java. Using fallback presentation compiler.
2026.05.04 09:35:56 INFO  no build target found for /Users/swalia/Desktop/Projects/Summit2026/vhol-snowflake-storage-iceberg-w-horizon/ssv2-streaming/src/main/java/com/snowflake/snowpipestreaming/demo/SSV2WeatherIngest.java. Using fallback presentation compiler.
2026.05.04 09:35:56 INFO  no build target found for /Users/swalia/Desktop/Projects/Summit2026/vhol-snowflake-storage-iceberg-w-horizon/ssv2-streaming/src/main/java/com/snowflake/snowpipestreaming/demo/SSV2WeatherIngest.java. Using fallback presentation compiler.
2026.05.04 09:35:56 INFO  no build target found for /Users/swalia/Desktop/Projects/Summit2026/vhol-snowflake-storage-iceberg-w-horizon/ssv2-streaming/src/main/java/com/snowflake/snowpipestreaming/demo/SSV2WeatherIngest.java. Using fallback presentation compiler.
2026.05.04 09:35:57 INFO  no build target found for /Users/swalia/Desktop/Projects/Summit2026/vhol-snowflake-storage-iceberg-w-horizon/ssv2-streaming/src/main/java/com/snowflake/snowpipestreaming/demo/SSV2WeatherIngest.java. Using fallback presentation compiler.
2026.05.04 09:35:56 INFO  no build target found for /Users/swalia/Desktop/Projects/Summit2026/vhol-snowflake-storage-iceberg-w-horizon/ssv2-streaming/src/main/java/com/snowflake/snowpipestreaming/demo/SSV2WeatherIngest.java. Using fallback presentation compiler.
2026.05.04 09:35:58 INFO  no build target found for /Users/swalia/Desktop/Projects/Summit2026/vhol-snowflake-storage-iceberg-w-horizon/ssv2-streaming/src/main/java/com/snowflake/snowpipestreaming/demo/SSV2WeatherIngest.java. Using fallback presentation compiler.
2026.05.04 09:35:58 INFO  no build target found for /Users/swalia/Desktop/Projects/Summit2026/vhol-snowflake-storage-iceberg-w-horizon/ssv2-streaming/src/main/java/com/snowflake/snowpipestreaming/demo/SSV2WeatherIngest.java. Using fallback presentation compiler.
2026.05.04 09:35:58 INFO  no build target found for /Users/swalia/Desktop/Projects/Summit2026/vhol-snowflake-storage-iceberg-w-horizon/ssv2-streaming/src/main/java/com/snowflake/snowpipestreaming/demo/SSV2WeatherIngest.java. Using fallback presentation compiler.
2026.05.04 09:35:58 INFO  no build target found for /Users/swalia/Desktop/Projects/Summit2026/vhol-snowflake-storage-iceberg-w-horizon/ssv2-streaming/src/main/java/com/snowflake/snowpipestreaming/demo/SSV2WeatherIngest.java. Using fallback presentation compiler.
2026.05.04 09:35:59 INFO  no build target found for /Users/swalia/Desktop/Projects/Summit2026/vhol-snowflake-storage-iceberg-w-horizon/ssv2-streaming/src/main/java/com/snowflake/snowpipestreaming/demo/SSV2WeatherIngest.java. Using fallback presentation compiler.
2026.05.04 09:35:59 INFO  no build target found for /Users/swalia/Desktop/Projects/Summit2026/vhol-snowflake-storage-iceberg-w-horizon/ssv2-streaming/src/main/java/com/snowflake/snowpipestreaming/demo/SSV2WeatherIngest.java. Using fallback presentation compiler.
2026.05.04 09:35:59 INFO  no build target found for /Users/swalia/Desktop/Projects/Summit2026/vhol-snowflake-storage-iceberg-w-horizon/ssv2-streaming/src/main/java/com/snowflake/snowpipestreaming/demo/SSV2WeatherIngest.java. Using fallback presentation compiler.
May 04, 2026 9:35:59 AM org.eclipse.lsp4j.jsonrpc.RemoteEndpoint handleCancellation
WARNING: Unmatched cancel notification for request id 490
2026.05.04 09:35:59 INFO  no build target found for /Users/swalia/Desktop/Projects/Summit2026/vhol-snowflake-storage-iceberg-w-horizon/ssv2-streaming/src/main/java/com/snowflake/snowpipestreaming/demo/SSV2WeatherIngest.java. Using fallback presentation compiler.
2026.05.04 09:35:59 INFO  no build target found for /Users/swalia/Desktop/Projects/Summit2026/vhol-snowflake-storage-iceberg-w-horizon/ssv2-streaming/src/main/java/com/snowflake/snowpipestreaming/demo/SSV2WeatherIngest.java. Using fallback presentation compiler.
2026.05.04 09:35:59 INFO  no build target found for /Users/swalia/Desktop/Projects/Summit2026/vhol-snowflake-storage-iceberg-w-horizon/ssv2-streaming/src/main/java/com/snowflake/snowpipestreaming/demo/SSV2WeatherIngest.java. Using fallback presentation compiler.
2026.05.04 09:35:59 INFO  no build target found for /Users/swalia/Desktop/Projects/Summit2026/vhol-snowflake-storage-iceberg-w-horizon/ssv2-streaming/src/main/java/com/snowflake/snowpipestreaming/demo/SSV2WeatherIngest.java. Using fallback presentation compiler.
2026.05.04 09:35:59 INFO  no build target found for /Users/swalia/Desktop/Projects/Summit2026/vhol-snowflake-storage-iceberg-w-horizon/ssv2-streaming/src/main/java/com/snowflake/snowpipestreaming/demo/SSV2WeatherIngest.java. Using fallback presentation compiler.
2026.05.04 09:35:59 INFO  no build target found for /Users/swalia/Desktop/Projects/Summit2026/vhol-snowflake-storage-iceberg-w-horizon/ssv2-streaming/src/main/java/com/snowflake/snowpipestreaming/demo/SSV2WeatherIngest.java. Using fallback presentation compiler.
2026.05.04 09:35:59 INFO  no build target found for /Users/swalia/Desktop/Projects/Summit2026/vhol-snowflake-storage-iceberg-w-horizon/ssv2-streaming/src/main/java/com/snowflake/snowpipestreaming/demo/SSV2WeatherIngest.java. Using fallback presentation compiler.
2026.05.04 09:36:00 INFO  no build target found for /Users/swalia/Desktop/Projects/Summit2026/vhol-snowflake-storage-iceberg-w-horizon/ssv2-streaming/src/main/java/com/snowflake/snowpipestreaming/demo/SSV2WeatherIngest.java. Using fallback presentation compiler.
2026.05.04 09:36:00 WARN  no build target for: /Users/swalia/Desktop/Projects/Summit2026/vhol-snowflake-storage-iceberg-w-horizon/ssv2-streaming/src/main/java/com/snowflake/snowpipestreaming/demo/SSV2WeatherIngest.java
2026.05.04 09:36:00 INFO  no build target found for /Users/swalia/Desktop/Projects/Summit2026/vhol-snowflake-storage-iceberg-w-horizon/ssv2-streaming/src/main/java/com/snowflake/snowpipestreaming/demo/SSV2WeatherIngest.java. Using fallback presentation compiler.
2026.05.04 09:36:00 WARN  no build target for: /Users/swalia/Desktop/Projects/Summit2026/vhol-snowflake-storage-iceberg-w-horizon/ssv2-streaming/src/main/java/com/snowflake/snowpipestreaming/demo/SSV2WeatherIngest.java
2026.05.04 09:36:00 INFO  no build target found for /Users/swalia/Desktop/Projects/Summit2026/vhol-snowflake-storage-iceberg-w-horizon/ssv2-streaming/src/main/java/com/snowflake/snowpipestreaming/demo/SSV2WeatherIngest.java. Using fallback presentation compiler.
2026.05.04 09:36:00 INFO  no build target found for /Users/swalia/Desktop/Projects/Summit2026/vhol-snowflake-storage-iceberg-w-horizon/ssv2-streaming/src/main/java/com/snowflake/snowpipestreaming/demo/SSV2WeatherIngest.java. Using fallback presentation compiler.
2026.05.04 09:36:00 WARN  no build target for: /Users/swalia/Desktop/Projects/Summit2026/vhol-snowflake-storage-iceberg-w-horizon/ssv2-streaming/src/main/java/com/snowflake/snowpipestreaming/demo/SSV2WeatherIngest.java
2026.05.04 09:36:00 INFO  no build target found for /Users/swalia/Desktop/Projects/Summit2026/vhol-snowflake-storage-iceberg-w-horizon/ssv2-streaming/src/main/java/com/snowflake/snowpipestreaming/demo/SSV2WeatherIngest.java. Using fallback presentation compiler.
2026.05.04 09:36:00 INFO  no build target found for /Users/swalia/Desktop/Projects/Summit2026/vhol-snowflake-storage-iceberg-w-horizon/ssv2-streaming/src/main/java/com/snowflake/snowpipestreaming/demo/SSV2WeatherIngest.java. Using fallback presentation compiler.
2026.05.04 09:36:01 INFO  no build target found for /Users/swalia/Desktop/Projects/Summit2026/vhol-snowflake-storage-iceberg-w-horizon/ssv2-streaming/src/main/java/com/snowflake/snowpipestreaming/demo/SSV2WeatherIngest.java. Using fallback presentation compiler.
2026.05.04 09:36:00 INFO  no build target found for /Users/swalia/Desktop/Projects/Summit2026/vhol-snowflake-storage-iceberg-w-horizon/ssv2-streaming/src/main/java/com/snowflake/snowpipestreaming/demo/SSV2WeatherIngest.java. Using fallback presentation compiler.
2026.05.04 09:36:00 INFO  no build target found for /Users/swalia/Desktop/Projects/Summit2026/vhol-snowflake-storage-iceberg-w-horizon/ssv2-streaming/src/main/java/com/snowflake/snowpipestreaming/demo/SSV2WeatherIngest.java. Using fallback presentation compiler.
2026.05.04 09:36:00 WARN  no build target for: /Users/swalia/Desktop/Projects/Summit2026/vhol-snowflake-storage-iceberg-w-horizon/ssv2-streaming/src/main/java/com/snowflake/snowpipestreaming/demo/SSV2WeatherIngest.java
2026.05.04 09:36:01 INFO  no build target found for /Users/swalia/Desktop/Projects/Summit2026/vhol-snowflake-storage-iceberg-w-horizon/ssv2-streaming/src/main/java/com/snowflake/snowpipestreaming/demo/SSV2WeatherIngest.java. Using fallback presentation compiler.
2026.05.04 09:36:01 WARN  no build target for: /Users/swalia/Desktop/Projects/Summit2026/vhol-snowflake-storage-iceberg-w-horizon/ssv2-streaming/src/main/java/com/snowflake/snowpipestreaming/demo/SSV2WeatherIngest.java
2026.05.04 09:36:01 INFO  no build target found for /Users/swalia/Desktop/Projects/Summit2026/vhol-snowflake-storage-iceberg-w-horizon/ssv2-streaming/src/main/java/com/snowflake/snowpipestreaming/demo/SSV2WeatherIngest.java. Using fallback presentation compiler.
2026.05.04 13:58:07 INFO  no build target found for /Users/swalia/Desktop/Projects/Summit2026/vhol-snowflake-storage-iceberg-w-horizon/ssv2-streaming/src/main/java/com/snowflake/snowpipestreaming/demo/SSV2WeatherIngest.java. Using fallback presentation compiler.
2026.05.04 13:58:13 INFO  no build target found for /Users/swalia/Desktop/Projects/Summit2026/vhol-snowflake-storage-iceberg-w-horizon/ssv2-streaming/src/main/java/com/snowflake/snowpipestreaming/demo/SSV2WeatherIngest.java. Using fallback presentation compiler.
2026.05.04 13:58:13 INFO  no build target found for /Users/swalia/Desktop/Projects/Summit2026/vhol-snowflake-storage-iceberg-w-horizon/ssv2-streaming/src/main/java/com/snowflake/snowpipestreaming/demo/SSV2WeatherIngest.java. Using fallback presentation compiler.
2026.05.04 13:58:13 INFO  no build target found for /Users/swalia/Desktop/Projects/Summit2026/vhol-snowflake-storage-iceberg-w-horizon/ssv2-streaming/src/main/java/com/snowflake/snowpipestreaming/demo/SSV2WeatherIngest.java. Using fallback presentation compiler.
2026.05.04 13:58:13 INFO  no build target found for /Users/swalia/Desktop/Projects/Summit2026/vhol-snowflake-storage-iceberg-w-horizon/ssv2-streaming/src/main/java/com/snowflake/snowpipestreaming/demo/SSV2WeatherIngest.java. Using fallback presentation compiler.
2026.05.04 13:58:13 INFO  no build target found for /Users/swalia/Desktop/Projects/Summit2026/vhol-snowflake-storage-iceberg-w-horizon/ssv2-streaming/src/main/java/com/snowflake/snowpipestreaming/demo/SSV2WeatherIngest.java. Using fallback presentation compiler.
2026.05.04 13:58:15 INFO  no build target found for /Users/swalia/Desktop/Projects/Summit2026/vhol-snowflake-storage-iceberg-w-horizon/ssv2-streaming/src/main/java/com/snowflake/snowpipestreaming/demo/SSV2WeatherIngest.java. Using fallback presentation compiler.
2026.05.04 13:58:15 INFO  no build target found for /Users/swalia/Desktop/Projects/Summit2026/vhol-snowflake-storage-iceberg-w-horizon/ssv2-streaming/src/main/java/com/snowflake/snowpipestreaming/demo/SSV2WeatherIngest.java. Using fallback presentation compiler.
2026.05.04 13:58:15 INFO  no build target found for /Users/swalia/Desktop/Projects/Summit2026/vhol-snowflake-storage-iceberg-w-horizon/ssv2-streaming/src/main/java/com/snowflake/snowpipestreaming/demo/SSV2WeatherIngest.java. Using fallback presentation compiler.
2026.05.04 13:58:15 INFO  no build target found for /Users/swalia/Desktop/Projects/Summit2026/vhol-snowflake-storage-iceberg-w-horizon/ssv2-streaming/src/main/java/com/snowflake/snowpipestreaming/demo/SSV2WeatherIngest.java. Using fallback presentation compiler.
2026.05.04 13:58:15 INFO  no build target found for /Users/swalia/Desktop/Projects/Summit2026/vhol-snowflake-storage-iceberg-w-horizon/ssv2-streaming/src/main/java/com/snowflake/snowpipestreaming/demo/SSV2WeatherIngest.java. Using fallback presentation compiler.
2026.05.04 13:58:16 INFO  no build target found for /Users/swalia/Desktop/Projects/Summit2026/vhol-snowflake-storage-iceberg-w-horizon/ssv2-streaming/src/main/java/com/snowflake/snowpipestreaming/demo/SSV2WeatherIngest.java. Using fallback presentation compiler.
2026.05.04 13:58:16 INFO  no build target found for /Users/swalia/Desktop/Projects/Summit2026/vhol-snowflake-storage-iceberg-w-horizon/ssv2-streaming/src/main/java/com/snowflake/snowpipestreaming/demo/SSV2WeatherIngest.java. Using fallback presentation compiler.
2026.05.04 13:58:16 INFO  no build target found for /Users/swalia/Desktop/Projects/Summit2026/vhol-snowflake-storage-iceberg-w-horizon/ssv2-streaming/src/main/java/com/snowflake/snowpipestreaming/demo/SSV2WeatherIngest.java. Using fallback presentation compiler.
2026.05.04 13:58:16 INFO  no build target found for /Users/swalia/Desktop/Projects/Summit2026/vhol-snowflake-storage-iceberg-w-horizon/ssv2-streaming/src/main/java/com/snowflake/snowpipestreaming/demo/SSV2WeatherIngest.java. Using fallback presentation compiler.
2026.05.04 13:58:16 INFO  no build target found for /Users/swalia/Desktop/Projects/Summit2026/vhol-snowflake-storage-iceberg-w-horizon/ssv2-streaming/src/main/java/com/snowflake/snowpipestreaming/demo/SSV2WeatherIngest.java. Using fallback presentation compiler.
2026.05.04 13:58:17 INFO  no build target found for /Users/swalia/Desktop/Projects/Summit2026/vhol-snowflake-storage-iceberg-w-horizon/ssv2-streaming/src/main/java/com/snowflake/snowpipestreaming/demo/SSV2WeatherIngest.java. Using fallback presentation compiler.
2026.05.04 13:58:17 INFO  no build target found for /Users/swalia/Desktop/Projects/Summit2026/vhol-snowflake-storage-iceberg-w-horizon/ssv2-streaming/src/main/java/com/snowflake/snowpipestreaming/demo/SSV2WeatherIngest.java. Using fallback presentation compiler.
2026.05.04 13:58:17 INFO  no build target found for /Users/swalia/Desktop/Projects/Summit2026/vhol-snowflake-storage-iceberg-w-horizon/ssv2-streaming/src/main/java/com/snowflake/snowpipestreaming/demo/SSV2WeatherIngest.java. Using fallback presentation compiler.
2026.05.04 13:58:17 INFO  no build target found for /Users/swalia/Desktop/Projects/Summit2026/vhol-snowflake-storage-iceberg-w-horizon/ssv2-streaming/src/main/java/com/snowflake/snowpipestreaming/demo/SSV2WeatherIngest.java. Using fallback presentation compiler.
2026.05.04 13:58:17 INFO  no build target found for /Users/swalia/Desktop/Projects/Summit2026/vhol-snowflake-storage-iceberg-w-horizon/ssv2-streaming/src/main/java/com/snowflake/snowpipestreaming/demo/SSV2WeatherIngest.java. Using fallback presentation compiler.
2026.05.04 13:58:17 INFO  no build target found for /Users/swalia/Desktop/Projects/Summit2026/vhol-snowflake-storage-iceberg-w-horizon/ssv2-streaming/src/main/java/com/snowflake/snowpipestreaming/demo/SSV2WeatherIngest.java. Using fallback presentation compiler.
2026.05.04 13:58:17 INFO  no build target found for /Users/swalia/Desktop/Projects/Summit2026/vhol-snowflake-storage-iceberg-w-horizon/ssv2-streaming/src/main/java/com/snowflake/snowpipestreaming/demo/SSV2WeatherIngest.java. Using fallback presentation compiler.
2026.05.04 13:58:17 INFO  no build target found for /Users/swalia/Desktop/Projects/Summit2026/vhol-snowflake-storage-iceberg-w-horizon/ssv2-streaming/src/main/java/com/snowflake/snowpipestreaming/demo/SSV2WeatherIngest.java. Using fallback presentation compiler.
2026.05.04 13:58:18 INFO  no build target found for /Users/swalia/Desktop/Projects/Summit2026/vhol-snowflake-storage-iceberg-w-horizon/ssv2-streaming/src/main/java/com/snowflake/snowpipestreaming/demo/SSV2WeatherIngest.java. Using fallback presentation compiler.
2026.05.04 13:58:18 INFO  no build target found for /Users/swalia/Desktop/Projects/Summit2026/vhol-snowflake-storage-iceberg-w-horizon/ssv2-streaming/src/main/java/com/snowflake/snowpipestreaming/demo/SSV2WeatherIngest.java. Using fallback presentation compiler.
2026.05.04 13:58:18 INFO  no build target found for /Users/swalia/Desktop/Projects/Summit2026/vhol-snowflake-storage-iceberg-w-horizon/ssv2-streaming/src/main/java/com/snowflake/snowpipestreaming/demo/SSV2WeatherIngest.java. Using fallback presentation compiler.
2026.05.04 13:58:18 INFO  no build target found for /Users/swalia/Desktop/Projects/Summit2026/vhol-snowflake-storage-iceberg-w-horizon/ssv2-streaming/src/main/java/com/snowflake/snowpipestreaming/demo/SSV2WeatherIngest.java. Using fallback presentation compiler.
2026.05.04 13:58:18 INFO  no build target found for /Users/swalia/Desktop/Projects/Summit2026/vhol-snowflake-storage-iceberg-w-horizon/ssv2-streaming/src/main/java/com/snowflake/snowpipestreaming/demo/SSV2WeatherIngest.java. Using fallback presentation compiler.
2026.05.04 13:58:18 INFO  no build target found for /Users/swalia/Desktop/Projects/Summit2026/vhol-snowflake-storage-iceberg-w-horizon/ssv2-streaming/src/main/java/com/snowflake/snowpipestreaming/demo/SSV2WeatherIngest.java. Using fallback presentation compiler.
2026.05.04 13:58:18 INFO  no build target found for /Users/swalia/Desktop/Projects/Summit2026/vhol-snowflake-storage-iceberg-w-horizon/ssv2-streaming/src/main/java/com/snowflake/snowpipestreaming/demo/SSV2WeatherIngest.java. Using fallback presentation compiler.
2026.05.04 13:58:19 INFO  no build target found for /Users/swalia/Desktop/Projects/Summit2026/vhol-snowflake-storage-iceberg-w-horizon/ssv2-streaming/src/main/java/com/snowflake/snowpipestreaming/demo/SSV2WeatherIngest.java. Using fallback presentation compiler.
2026.05.04 13:58:19 INFO  no build target found for /Users/swalia/Desktop/Projects/Summit2026/vhol-snowflake-storage-iceberg-w-horizon/ssv2-streaming/src/main/java/com/snowflake/snowpipestreaming/demo/SSV2WeatherIngest.java. Using fallback presentation compiler.
2026.05.04 13:58:19 INFO  no build target found for /Users/swalia/Desktop/Projects/Summit2026/vhol-snowflake-storage-iceberg-w-horizon/ssv2-streaming/src/main/java/com/snowflake/snowpipestreaming/demo/SSV2WeatherIngest.java. Using fallback presentation compiler.
2026.05.04 13:58:19 INFO  no build target found for /Users/swalia/Desktop/Projects/Summit2026/vhol-snowflake-storage-iceberg-w-horizon/ssv2-streaming/src/main/java/com/snowflake/snowpipestreaming/demo/SSV2WeatherIngest.java. Using fallback presentation compiler.
2026.05.04 13:58:19 INFO  no build target found for /Users/swalia/Desktop/Projects/Summit2026/vhol-snowflake-storage-iceberg-w-horizon/ssv2-streaming/src/main/java/com/snowflake/snowpipestreaming/demo/SSV2WeatherIngest.java. Using fallback presentation compiler.
2026.05.04 13:58:19 INFO  no build target found for /Users/swalia/Desktop/Projects/Summit2026/vhol-snowflake-storage-iceberg-w-horizon/ssv2-streaming/src/main/java/com/snowflake/snowpipestreaming/demo/SSV2WeatherIngest.java. Using fallback presentation compiler.
2026.05.04 13:58:19 INFO  no build target found for /Users/swalia/Desktop/Projects/Summit2026/vhol-snowflake-storage-iceberg-w-horizon/ssv2-streaming/src/main/java/com/snowflake/snowpipestreaming/demo/SSV2WeatherIngest.java. Using fallback presentation compiler.
2026.05.04 13:58:20 INFO  no build target found for /Users/swalia/Desktop/Projects/Summit2026/vhol-snowflake-storage-iceberg-w-horizon/ssv2-streaming/src/main/java/com/snowflake/snowpipestreaming/demo/SSV2WeatherIngest.java. Using fallback presentation compiler.
2026.05.04 13:58:20 INFO  no build target found for /Users/swalia/Desktop/Projects/Summit2026/vhol-snowflake-storage-iceberg-w-horizon/ssv2-streaming/src/main/java/com/snowflake/snowpipestreaming/demo/SSV2WeatherIngest.java. Using fallback presentation compiler.
2026.05.04 13:58:20 INFO  no build target found for /Users/swalia/Desktop/Projects/Summit2026/vhol-snowflake-storage-iceberg-w-horizon/ssv2-streaming/src/main/java/com/snowflake/snowpipestreaming/demo/SSV2WeatherIngest.java. Using fallback presentation compiler.
2026.05.04 13:58:20 INFO  no build target found for /Users/swalia/Desktop/Projects/Summit2026/vhol-snowflake-storage-iceberg-w-horizon/ssv2-streaming/src/main/java/com/snowflake/snowpipestreaming/demo/SSV2WeatherIngest.java. Using fallback presentation compiler.
2026.05.04 13:58:20 INFO  no build target found for /Users/swalia/Desktop/Projects/Summit2026/vhol-snowflake-storage-iceberg-w-horizon/ssv2-streaming/src/main/java/com/snowflake/snowpipestreaming/demo/SSV2WeatherIngest.java. Using fallback presentation compiler.
2026.05.04 13:58:20 INFO  no build target found for /Users/swalia/Desktop/Projects/Summit2026/vhol-snowflake-storage-iceberg-w-horizon/ssv2-streaming/src/main/java/com/snowflake/snowpipestreaming/demo/SSV2WeatherIngest.java. Using fallback presentation compiler.
2026.05.04 13:58:20 INFO  no build target found for /Users/swalia/Desktop/Projects/Summit2026/vhol-snowflake-storage-iceberg-w-horizon/ssv2-streaming/src/main/java/com/snowflake/snowpipestreaming/demo/SSV2WeatherIngest.java. Using fallback presentation compiler.
2026.05.04 13:58:21 INFO  no build target found for /Users/swalia/Desktop/Projects/Summit2026/vhol-snowflake-storage-iceberg-w-horizon/ssv2-streaming/src/main/java/com/snowflake/snowpipestreaming/demo/SSV2WeatherIngest.java. Using fallback presentation compiler.
2026.05.04 13:58:21 INFO  no build target found for /Users/swalia/Desktop/Projects/Summit2026/vhol-snowflake-storage-iceberg-w-horizon/ssv2-streaming/src/main/java/com/snowflake/snowpipestreaming/demo/SSV2WeatherIngest.java. Using fallback presentation compiler.
2026.05.04 13:58:21 INFO  no build target found for /Users/swalia/Desktop/Projects/Summit2026/vhol-snowflake-storage-iceberg-w-horizon/ssv2-streaming/src/main/java/com/snowflake/snowpipestreaming/demo/SSV2WeatherIngest.java. Using fallback presentation compiler.
2026.05.04 13:58:21 INFO  no build target found for /Users/swalia/Desktop/Projects/Summit2026/vhol-snowflake-storage-iceberg-w-horizon/ssv2-streaming/src/main/java/com/snowflake/snowpipestreaming/demo/SSV2WeatherIngest.java. Using fallback presentation compiler.
2026.05.04 13:58:21 INFO  no build target found for /Users/swalia/Desktop/Projects/Summit2026/vhol-snowflake-storage-iceberg-w-horizon/ssv2-streaming/src/main/java/com/snowflake/snowpipestreaming/demo/SSV2WeatherIngest.java. Using fallback presentation compiler.
2026.05.04 13:58:21 INFO  no build target found for /Users/swalia/Desktop/Projects/Summit2026/vhol-snowflake-storage-iceberg-w-horizon/ssv2-streaming/src/main/java/com/snowflake/snowpipestreaming/demo/SSV2WeatherIngest.java. Using fallback presentation compiler.
2026.05.04 13:58:22 INFO  no build target found for /Users/swalia/Desktop/Projects/Summit2026/vhol-snowflake-storage-iceberg-w-horizon/ssv2-streaming/src/main/java/com/snowflake/snowpipestreaming/demo/SSV2WeatherIngest.java. Using fallback presentation compiler.
2026.05.04 13:58:21 INFO  no build target found for /Users/swalia/Desktop/Projects/Summit2026/vhol-snowflake-storage-iceberg-w-horizon/ssv2-streaming/src/main/java/com/snowflake/snowpipestreaming/demo/SSV2WeatherIngest.java. Using fallback presentation compiler.
2026.05.04 13:58:21 INFO  no build target found for /Users/swalia/Desktop/Projects/Summit2026/vhol-snowflake-storage-iceberg-w-horizon/ssv2-streaming/src/main/java/com/snowflake/snowpipestreaming/demo/SSV2WeatherIngest.java. Using fallback presentation compiler.
2026.05.04 13:58:21 INFO  no build target found for /Users/swalia/Desktop/Projects/Summit2026/vhol-snowflake-storage-iceberg-w-horizon/ssv2-streaming/src/main/java/com/snowflake/snowpipestreaming/demo/SSV2WeatherIngest.java. Using fallback presentation compiler.
2026.05.04 13:58:21 INFO  no build target found for /Users/swalia/Desktop/Projects/Summit2026/vhol-snowflake-storage-iceberg-w-horizon/ssv2-streaming/src/main/java/com/snowflake/snowpipestreaming/demo/SSV2WeatherIngest.java. Using fallback presentation compiler.
2026.05.04 13:58:22 INFO  no build target found for /Users/swalia/Desktop/Projects/Summit2026/vhol-snowflake-storage-iceberg-w-horizon/ssv2-streaming/src/main/java/com/snowflake/snowpipestreaming/demo/SSV2WeatherIngest.java. Using fallback presentation compiler.
2026.05.04 13:58:22 INFO  no build target found for /Users/swalia/Desktop/Projects/Summit2026/vhol-snowflake-storage-iceberg-w-horizon/ssv2-streaming/src/main/java/com/snowflake/snowpipestreaming/demo/SSV2WeatherIngest.java. Using fallback presentation compiler.
2026.05.04 13:58:22 INFO  no build target found for /Users/swalia/Desktop/Projects/Summit2026/vhol-snowflake-storage-iceberg-w-horizon/ssv2-streaming/src/main/java/com/snowflake/snowpipestreaming/demo/SSV2WeatherIngest.java. Using fallback presentation compiler.
2026.05.04 13:58:22 INFO  no build target found for /Users/swalia/Desktop/Projects/Summit2026/vhol-snowflake-storage-iceberg-w-horizon/ssv2-streaming/src/main/java/com/snowflake/snowpipestreaming/demo/SSV2WeatherIngest.java. Using fallback presentation compiler.
2026.05.04 13:58:22 INFO  no build target found for /Users/swalia/Desktop/Projects/Summit2026/vhol-snowflake-storage-iceberg-w-horizon/ssv2-streaming/src/main/java/com/snowflake/snowpipestreaming/demo/SSV2WeatherIngest.java. Using fallback presentation compiler.
2026.05.04 13:58:23 INFO  no build target found for /Users/swalia/Desktop/Projects/Summit2026/vhol-snowflake-storage-iceberg-w-horizon/ssv2-streaming/src/main/java/com/snowflake/snowpipestreaming/demo/SSV2WeatherIngest.java. Using fallback presentation compiler.
2026.05.04 13:58:22 INFO  no build target found for /Users/swalia/Desktop/Projects/Summit2026/vhol-snowflake-storage-iceberg-w-horizon/ssv2-streaming/src/main/java/com/snowflake/snowpipestreaming/demo/SSV2WeatherIngest.java. Using fallback presentation compiler.
2026.05.04 13:58:23 WARN  no build target for: /Users/swalia/Desktop/Projects/Summit2026/vhol-snowflake-storage-iceberg-w-horizon/ssv2-streaming/src/main/java/com/snowflake/snowpipestreaming/demo/SSV2WeatherIngest.java
2026.05.04 13:58:23 INFO  no build target found for /Users/swalia/Desktop/Projects/Summit2026/vhol-snowflake-storage-iceberg-w-horizon/ssv2-streaming/src/main/java/com/snowflake/snowpipestreaming/demo/SSV2WeatherIngest.java. Using fallback presentation compiler.
2026.05.04 13:58:23 WARN  no build target for: /Users/swalia/Desktop/Projects/Summit2026/vhol-snowflake-storage-iceberg-w-horizon/ssv2-streaming/src/main/java/com/snowflake/snowpipestreaming/demo/SSV2WeatherIngest.java
2026.05.04 13:58:23 INFO  no build target found for /Users/swalia/Desktop/Projects/Summit2026/vhol-snowflake-storage-iceberg-w-horizon/ssv2-streaming/src/main/java/com/snowflake/snowpipestreaming/demo/SSV2WeatherIngest.java. Using fallback presentation compiler.
2026.05.04 13:58:23 WARN  no build target for: /Users/swalia/Desktop/Projects/Summit2026/vhol-snowflake-storage-iceberg-w-horizon/ssv2-streaming/src/main/java/com/snowflake/snowpipestreaming/demo/SSV2WeatherIngest.java
2026.05.04 13:58:22 INFO  no build target found for /Users/swalia/Desktop/Projects/Summit2026/vhol-snowflake-storage-iceberg-w-horizon/ssv2-streaming/src/main/java/com/snowflake/snowpipestreaming/demo/SSV2WeatherIngest.java. Using fallback presentation compiler.
2026.05.04 13:58:23 WARN  no build target for: /Users/swalia/Desktop/Projects/Summit2026/vhol-snowflake-storage-iceberg-w-horizon/ssv2-streaming/src/main/java/com/snowflake/snowpipestreaming/demo/SSV2WeatherIngest.java
2026.05.04 13:58:23 INFO  no build target found for /Users/swalia/Desktop/Projects/Summit2026/vhol-snowflake-storage-iceberg-w-horizon/ssv2-streaming/src/main/java/com/snowflake/snowpipestreaming/demo/SSV2WeatherIngest.java. Using fallback presentation compiler.
2026.05.04 13:58:27 WARN  no build target for: /Users/swalia/Desktop/Projects/Summit2026/vhol-snowflake-storage-iceberg-w-horizon/ssv2-streaming/src/main/java/com/snowflake/snowpipestreaming/demo/SSV2WeatherIngest.java
2026.05.04 13:58:27 INFO  no build target found for /Users/swalia/Desktop/Projects/Summit2026/vhol-snowflake-storage-iceberg-w-horizon/ssv2-streaming/src/main/java/com/snowflake/snowpipestreaming/demo/SSV2WeatherIngest.java. Using fallback presentation compiler.
2026.05.04 13:58:27 WARN  no build target for: /Users/swalia/Desktop/Projects/Summit2026/vhol-snowflake-storage-iceberg-w-horizon/ssv2-streaming/src/main/java/com/snowflake/snowpipestreaming/demo/SSV2WeatherIngest.java
2026.05.04 13:58:27 INFO  no build target found for /Users/swalia/Desktop/Projects/Summit2026/vhol-snowflake-storage-iceberg-w-horizon/ssv2-streaming/src/main/java/com/snowflake/snowpipestreaming/demo/SSV2WeatherIngest.java. Using fallback presentation compiler.
2026.05.04 13:58:27 WARN  no build target for: /Users/swalia/Desktop/Projects/Summit2026/vhol-snowflake-storage-iceberg-w-horizon/ssv2-streaming/src/main/java/com/snowflake/snowpipestreaming/demo/SSV2WeatherIngest.java
2026.05.04 13:58:27 INFO  no build target found for /Users/swalia/Desktop/Projects/Summit2026/vhol-snowflake-storage-iceberg-w-horizon/ssv2-streaming/src/main/java/com/snowflake/snowpipestreaming/demo/SSV2WeatherIngest.java. Using fallback presentation compiler.
2026.05.04 13:58:27 WARN  no build target for: /Users/swalia/Desktop/Projects/Summit2026/vhol-snowflake-storage-iceberg-w-horizon/ssv2-streaming/src/main/java/com/snowflake/snowpipestreaming/demo/SSV2WeatherIngest.java
2026.05.04 13:58:27 INFO  no build target found for /Users/swalia/Desktop/Projects/Summit2026/vhol-snowflake-storage-iceberg-w-horizon/ssv2-streaming/src/main/java/com/snowflake/snowpipestreaming/demo/SSV2WeatherIngest.java. Using fallback presentation compiler.
2026.05.04 13:58:28 WARN  no build target for: /Users/swalia/Desktop/Projects/Summit2026/vhol-snowflake-storage-iceberg-w-horizon/ssv2-streaming/src/main/java/com/snowflake/snowpipestreaming/demo/SSV2WeatherIngest.java
2026.05.04 13:58:27 INFO  no build target found for /Users/swalia/Desktop/Projects/Summit2026/vhol-snowflake-storage-iceberg-w-horizon/ssv2-streaming/src/main/java/com/snowflake/snowpipestreaming/demo/SSV2WeatherIngest.java. Using fallback presentation compiler.
2026.05.04 13:58:35 INFO  no build target found for /Users/swalia/Desktop/Projects/Summit2026/vhol-snowflake-storage-iceberg-w-horizon/ssv2-streaming/src/main/java/com/snowflake/snowpipestreaming/demo/SSV2WeatherIngest.java. Using fallback presentation compiler.
2026.05.04 14:19:09 INFO  no build target found for /Users/swalia/Desktop/Projects/Summit2026/vhol-snowflake-storage-iceberg-w-horizon/ssv2-streaming/src/main/java/com/snowflake/snowpipestreaming/demo/SSV2WeatherIngest.java. Using fallback presentation compiler.
2026.05.04 14:19:09 INFO  no build target found for /Users/swalia/Desktop/Projects/Summit2026/vhol-snowflake-storage-iceberg-w-horizon/ssv2-streaming/src/main/java/com/snowflake/snowpipestreaming/demo/SSV2WeatherIngest.java. Using fallback presentation compiler.
May 04, 2026 2:23:55 PM org.eclipse.lsp4j.jsonrpc.services.GenericEndpoint notify
INFO: Unsupported notification method: $/setTrace
2026.05.04 14:45:27 INFO  no build target found for /Users/swalia/Desktop/Projects/Summit2026/vhol-snowflake-storage-iceberg-w-horizon/ssv2-streaming/src/main/java/com/snowflake/snowpipestreaming/demo/SSV2WeatherIngest.java. Using fallback presentation compiler.
2026.05.04 14:45:27 WARN  no build target for: /Users/swalia/Desktop/Projects/Summit2026/vhol-snowflake-storage-iceberg-w-horizon/ssv2-streaming/src/main/java/com/snowflake/snowpipestreaming/demo/SSV2WeatherIngest.java
2026.05.04 14:45:27 INFO  no build target found for /Users/swalia/Desktop/Projects/Summit2026/vhol-snowflake-storage-iceberg-w-horizon/ssv2-streaming/src/main/java/com/snowflake/snowpipestreaming/demo/SSV2WeatherIngest.java. Using fallback presentation compiler.
2026.05.04 14:45:27 INFO  no build target found for /Users/swalia/Desktop/Projects/Summit2026/vhol-snowflake-storage-iceberg-w-horizon/ssv2-streaming/src/main/java/com/snowflake/snowpipestreaming/demo/SSV2WeatherIngest.java. Using fallback presentation compiler.
2026.05.04 14:45:27 INFO  no build target found for /Users/swalia/Desktop/Projects/Summit2026/vhol-snowflake-storage-iceberg-w-horizon/ssv2-streaming/src/main/java/com/snowflake/snowpipestreaming/demo/SSV2WeatherIngest.java. Using fallback presentation compiler.
2026.05.04 14:45:27 INFO  no build target found for /Users/swalia/Desktop/Projects/Summit2026/vhol-snowflake-storage-iceberg-w-horizon/ssv2-streaming/src/main/java/com/snowflake/snowpipestreaming/demo/SSV2WeatherIngest.java. Using fallback presentation compiler.
2026.05.04 14:45:32 INFO  no build target found for /Users/swalia/Desktop/Projects/Summit2026/vhol-snowflake-storage-iceberg-w-horizon/ssv2-streaming/src/main/java/com/snowflake/snowpipestreaming/demo/SSV2WeatherIngest.java. Using fallback presentation compiler.
2026.05.04 14:45:34 INFO  no build target found for /Users/swalia/Desktop/Projects/Summit2026/vhol-snowflake-storage-iceberg-w-horizon/ssv2-streaming/src/main/java/com/snowflake/snowpipestreaming/demo/SSV2WeatherIngest.java. Using fallback presentation compiler.
May 04, 2026 6:31:51 PM org.eclipse.lsp4j.jsonrpc.services.GenericEndpoint notify
INFO: Unsupported notification method: $/setTrace
May 04, 2026 6:32:28 PM org.eclipse.lsp4j.jsonrpc.services.GenericEndpoint notify
INFO: Unsupported notification method: $/setTrace
May 06, 2026 9:27:39 AM org.eclipse.lsp4j.jsonrpc.services.GenericEndpoint notify
INFO: Unsupported notification method: $/setTrace
May 06, 2026 9:28:07 AM org.eclipse.lsp4j.jsonrpc.services.GenericEndpoint notify
INFO: Unsupported notification method: $/setTrace
May 06, 2026 9:28:34 AM org.eclipse.lsp4j.jsonrpc.services.GenericEndpoint notify
INFO: Unsupported notification method: $/setTrace
2026.05.06 09:29:13 INFO  Shutting down server
2026.05.06 09:29:13 INFO  Memory monitor stopped
2026.05.06 09:29:13 INFO  shutting down Metals
2026.05.06 09:29:13 INFO  Exiting server
2026.05.06 09:29:29 INFO  Started: Metals version 1.6.7 in folders '/Users/swalia/Desktop/Projects/Summit2026/vhol-snowflake-storage-iceberg-w-horizon' for client Visual Studio Code 1.118.1.
2026.05.06 09:29:29 INFO  Memory monitor started
2026.05.06 09:29:29 WARN  Using H2 2.4.240 which is newer than the version Flyway has been verified with. The latest verified version of H2 is 2.3.232.
2026.05.06 09:29:48 WARN  no build target for: /Users/swalia/Desktop/Projects/Summit2026/vhol-snowflake-storage-iceberg-w-horizon/ssv2-streaming/src/main/java/com/snowflake/snowpipestreaming/demo/SSV2WeatherIngest.java
2026.05.06 09:32:24 INFO  no build target found for /Users/swalia/Desktop/Projects/Summit2026/vhol-snowflake-storage-iceberg-w-horizon/ssv2-streaming/src/main/java/com/snowflake/snowpipestreaming/demo/SSV2WeatherIngest.java. Using fallback presentation compiler.
2026.05.06 10:11:11 WARN  no build target for: /Users/swalia/Desktop/Projects/Summit2026/vhol-snowflake-storage-iceberg-w-horizon/ssv2-streaming/src/main/java/com/snowflake/snowpipestreaming/demo/SSV2WeatherIngest.java
2026.05.06 10:11:12 INFO  no build target found for /Users/swalia/Desktop/Projects/Summit2026/vhol-snowflake-storage-iceberg-w-horizon/ssv2-streaming/src/main/java/com/snowflake/snowpipestreaming/demo/SSV2WeatherIngest.java. Using fallback presentation compiler.
2026.05.06 10:11:11 INFO  no build target found for /Users/swalia/Desktop/Projects/Summit2026/vhol-snowflake-storage-iceberg-w-horizon/ssv2-streaming/src/main/java/com/snowflake/snowpipestreaming/demo/SSV2WeatherIngest.java. Using fallback presentation compiler.
2026.05.06 10:11:12 INFO  no build target found for /Users/swalia/Desktop/Projects/Summit2026/vhol-snowflake-storage-iceberg-w-horizon/ssv2-streaming/src/main/java/com/snowflake/snowpipestreaming/demo/SSV2WeatherIngest.java. Using fallback presentation compiler.
May 06, 2026 10:11:12 AM org.eclipse.lsp4j.jsonrpc.RemoteEndpoint handleCancellation
WARNING: Unmatched cancel notification for request id 1
May 06, 2026 10:11:12 AM org.eclipse.lsp4j.jsonrpc.RemoteEndpoint handleCancellation
WARNING: Unmatched cancel notification for request id 4
2026.05.06 10:11:12 INFO  no build target found for /Users/swalia/Desktop/Projects/Summit2026/vhol-snowflake-storage-iceberg-w-horizon/ssv2-streaming/src/main/java/com/snowflake/snowpipestreaming/demo/SSV2WeatherIngest.java. Using fallback presentation compiler.
2026.05.06 10:11:12 INFO  no build target found for /Users/swalia/Desktop/Projects/Summit2026/vhol-snowflake-storage-iceberg-w-horizon/ssv2-streaming/src/main/java/com/snowflake/snowpipestreaming/demo/SSV2WeatherIngest.java. Using fallback presentation compiler.
2026.05.06 10:11:15 INFO  no build target found for /Users/swalia/Desktop/Projects/Summit2026/vhol-snowflake-storage-iceberg-w-horizon/ssv2-streaming/src/main/java/com/snowflake/snowpipestreaming/demo/SSV2WeatherIngest.java. Using fallback presentation compiler.
2026.05.06 10:11:15 INFO  no build target found for /Users/swalia/Desktop/Projects/Summit2026/vhol-snowflake-storage-iceberg-w-horizon/ssv2-streaming/src/main/java/com/snowflake/snowpipestreaming/demo/SSV2WeatherIngest.java. Using fallback presentation compiler.
2026.05.06 10:11:16 INFO  no build target found for /Users/swalia/Desktop/Projects/Summit2026/vhol-snowflake-storage-iceberg-w-horizon/ssv2-streaming/src/main/java/com/snowflake/snowpipestreaming/demo/SSV2WeatherIngest.java. Using fallback presentation compiler.
2026.05.06 10:11:16 INFO  no build target found for /Users/swalia/Desktop/Projects/Summit2026/vhol-snowflake-storage-iceberg-w-horizon/ssv2-streaming/src/main/java/com/snowflake/snowpipestreaming/demo/SSV2WeatherIngest.java. Using fallback presentation compiler.
2026.05.06 10:11:22 INFO  no build target found for /Users/swalia/Desktop/Projects/Summit2026/vhol-snowflake-storage-iceberg-w-horizon/ssv2-streaming/src/main/java/com/snowflake/snowpipestreaming/demo/SSV2WeatherIngest.java. Using fallback presentation compiler.
2026.05.06 10:11:22 INFO  no build target found for /Users/swalia/Desktop/Projects/Summit2026/vhol-snowflake-storage-iceberg-w-horizon/ssv2-streaming/src/main/java/com/snowflake/snowpipestreaming/demo/SSV2WeatherIngest.java. Using fallback presentation compiler.
2026.05.06 10:11:22 INFO  no build target found for /Users/swalia/Desktop/Projects/Summit2026/vhol-snowflake-storage-iceberg-w-horizon/ssv2-streaming/src/main/java/com/snowflake/snowpipestreaming/demo/SSV2WeatherIngest.java. Using fallback presentation compiler.
2026.05.06 10:11:22 INFO  no build target found for /Users/swalia/Desktop/Projects/Summit2026/vhol-snowflake-storage-iceberg-w-horizon/ssv2-streaming/src/main/java/com/snowflake/snowpipestreaming/demo/SSV2WeatherIngest.java. Using fallback presentation compiler.
2026.05.06 10:11:22 INFO  no build target found for /Users/swalia/Desktop/Projects/Summit2026/vhol-snowflake-storage-iceberg-w-horizon/ssv2-streaming/src/main/java/com/snowflake/snowpipestreaming/demo/SSV2WeatherIngest.java. Using fallback presentation compiler.
2026.05.06 10:11:22 INFO  no build target found for /Users/swalia/Desktop/Projects/Summit2026/vhol-snowflake-storage-iceberg-w-horizon/ssv2-streaming/src/main/java/com/snowflake/snowpipestreaming/demo/SSV2WeatherIngest.java. Using fallback presentation compiler.
2026.05.06 10:11:23 INFO  no build target found for /Users/swalia/Desktop/Projects/Summit2026/vhol-snowflake-storage-iceberg-w-horizon/ssv2-streaming/src/main/java/com/snowflake/snowpipestreaming/demo/SSV2WeatherIngest.java. Using fallback presentation compiler.
2026.05.06 10:11:23 INFO  no build target found for /Users/swalia/Desktop/Projects/Summit2026/vhol-snowflake-storage-iceberg-w-horizon/ssv2-streaming/src/main/java/com/snowflake/snowpipestreaming/demo/SSV2WeatherIngest.java. Using fallback presentation compiler.
2026.05.06 10:11:24 WARN  no build target for: /Users/swalia/Desktop/Projects/Summit2026/vhol-snowflake-storage-iceberg-w-horizon/ssv2-streaming/src/main/java/com/snowflake/snowpipestreaming/demo/SSV2WeatherIngest.java
2026.05.06 10:11:24 INFO  no build target found for /Users/swalia/Desktop/Projects/Summit2026/vhol-snowflake-storage-iceberg-w-horizon/ssv2-streaming/src/main/java/com/snowflake/snowpipestreaming/demo/SSV2WeatherIngest.java. Using fallback presentation compiler.
2026.05.06 10:11:24 WARN  no build target for: /Users/swalia/Desktop/Projects/Summit2026/vhol-snowflake-storage-iceberg-w-horizon/ssv2-streaming/src/main/java/com/snowflake/snowpipestreaming/demo/SSV2WeatherIngest.java
2026.05.06 10:11:24 INFO  no build target found for /Users/swalia/Desktop/Projects/Summit2026/vhol-snowflake-storage-iceberg-w-horizon/ssv2-streaming/src/main/java/com/snowflake/snowpipestreaming/demo/SSV2WeatherIngest.java. Using fallback presentation compiler.
2026.05.06 10:11:24 WARN  no build target for: /Users/swalia/Desktop/Projects/Summit2026/vhol-snowflake-storage-iceberg-w-horizon/ssv2-streaming/src/main/java/com/snowflake/snowpipestreaming/demo/SSV2WeatherIngest.java
2026.05.06 10:11:24 INFO  no build target found for /Users/swalia/Desktop/Projects/Summit2026/vhol-snowflake-storage-iceberg-w-horizon/ssv2-streaming/src/main/java/com/snowflake/snowpipestreaming/demo/SSV2WeatherIngest.java. Using fallback presentation compiler.
2026.05.06 10:11:24 WARN  no build target for: /Users/swalia/Desktop/Projects/Summit2026/vhol-snowflake-storage-iceberg-w-horizon/ssv2-streaming/src/main/java/com/snowflake/snowpipestreaming/demo/SSV2WeatherIngest.java
2026.05.06 10:11:24 INFO  no build target found for /Users/swalia/Desktop/Projects/Summit2026/vhol-snowflake-storage-iceberg-w-horizon/ssv2-streaming/src/main/java/com/snowflake/snowpipestreaming/demo/SSV2WeatherIngest.java. Using fallback presentation compiler.
2026.05.06 10:11:25 INFO  no build target found for /Users/swalia/Desktop/Projects/Summit2026/vhol-snowflake-storage-iceberg-w-horizon/ssv2-streaming/src/main/java/com/snowflake/snowpipestreaming/demo/SSV2WeatherIngest.java. Using fallback presentation compiler.
2026.05.06 10:11:48 INFO  no build target found for /Users/swalia/Desktop/Projects/Summit2026/vhol-snowflake-storage-iceberg-w-horizon/ssv2-streaming/src/main/java/com/snowflake/snowpipestreaming/demo/SSV2WeatherIngest.java. Using fallback presentation compiler.
2026.05.06 10:11:48 WARN  no build target for: /Users/swalia/Desktop/Projects/Summit2026/vhol-snowflake-storage-iceberg-w-horizon/ssv2-streaming/src/main/java/com/snowflake/snowpipestreaming/demo/SSV2WeatherIngest.java
2026.05.06 10:11:48 INFO  no build target found for /Users/swalia/Desktop/Projects/Summit2026/vhol-snowflake-storage-iceberg-w-horizon/ssv2-streaming/src/main/java/com/snowflake/snowpipestreaming/demo/SSV2WeatherIngest.java. Using fallback presentation compiler.
2026.05.06 10:11:48 INFO  no build target found for /Users/swalia/Desktop/Projects/Summit2026/vhol-snowflake-storage-iceberg-w-horizon/ssv2-streaming/src/main/java/com/snowflake/snowpipestreaming/demo/SSV2WeatherIngest.java. Using fallback presentation compiler.
2026.05.06 10:11:48 INFO  no build target found for /Users/swalia/Desktop/Projects/Summit2026/vhol-snowflake-storage-iceberg-w-horizon/ssv2-streaming/src/main/java/com/snowflake/snowpipestreaming/demo/SSV2WeatherIngest.java. Using fallback presentation compiler.
2026.05.06 10:11:48 INFO  no build target found for /Users/swalia/Desktop/Projects/Summit2026/vhol-snowflake-storage-iceberg-w-horizon/ssv2-streaming/src/main/java/com/snowflake/snowpipestreaming/demo/SSV2WeatherIngest.java. Using fallback presentation compiler.
2026.05.06 10:11:48 INFO  no build target found for /Users/swalia/Desktop/Projects/Summit2026/vhol-snowflake-storage-iceberg-w-horizon/ssv2-streaming/src/main/java/com/snowflake/snowpipestreaming/demo/SSV2WeatherIngest.java. Using fallback presentation compiler.
2026.05.06 10:11:52 INFO  no build target found for /Users/swalia/Desktop/Projects/Summit2026/vhol-snowflake-storage-iceberg-w-horizon/ssv2-streaming/src/main/java/com/snowflake/snowpipestreaming/demo/SSV2WeatherIngest.java. Using fallback presentation compiler.
2026.05.06 10:22:24 INFO  no build target found for /Users/swalia/Desktop/Projects/Summit2026/vhol-snowflake-storage-iceberg-w-horizon/ssv2-streaming/src/main/java/com/snowflake/snowpipestreaming/demo/SSV2WeatherIngest.java. Using fallback presentation compiler.
2026.05.06 10:22:24 WARN  no build target for: /Users/swalia/Desktop/Projects/Summit2026/vhol-snowflake-storage-iceberg-w-horizon/ssv2-streaming/src/main/java/com/snowflake/snowpipestreaming/demo/SSV2WeatherIngest.java
2026.05.06 10:22:24 INFO  no build target found for /Users/swalia/Desktop/Projects/Summit2026/vhol-snowflake-storage-iceberg-w-horizon/ssv2-streaming/src/main/java/com/snowflake/snowpipestreaming/demo/SSV2WeatherIngest.java. Using fallback presentation compiler.
2026.05.06 10:22:24 INFO  no build target found for /Users/swalia/Desktop/Projects/Summit2026/vhol-snowflake-storage-iceberg-w-horizon/ssv2-streaming/src/main/java/com/snowflake/snowpipestreaming/demo/SSV2WeatherIngest.java. Using fallback presentation compiler.
2026.05.06 10:22:24 INFO  no build target found for /Users/swalia/Desktop/Projects/Summit2026/vhol-snowflake-storage-iceberg-w-horizon/ssv2-streaming/src/main/java/com/snowflake/snowpipestreaming/demo/SSV2WeatherIngest.java. Using fallback presentation compiler.
2026.05.06 10:22:25 INFO  no build target found for /Users/swalia/Desktop/Projects/Summit2026/vhol-snowflake-storage-iceberg-w-horizon/ssv2-streaming/src/main/java/com/snowflake/snowpipestreaming/demo/SSV2WeatherIngest.java. Using fallback presentation compiler.
2026.05.06 10:22:30 INFO  no build target found for /Users/swalia/Desktop/Projects/Summit2026/vhol-snowflake-storage-iceberg-w-horizon/ssv2-streaming/src/main/java/com/snowflake/snowpipestreaming/demo/SSV2WeatherIngest.java. Using fallback presentation compiler.
2026.05.06 10:22:30 INFO  no build target found for /Users/swalia/Desktop/Projects/Summit2026/vhol-snowflake-storage-iceberg-w-horizon/ssv2-streaming/src/main/java/com/snowflake/snowpipestreaming/demo/SSV2WeatherIngest.java. Using fallback presentation compiler.
2026.05.06 10:22:30 INFO  no build target found for /Users/swalia/Desktop/Projects/Summit2026/vhol-snowflake-storage-iceberg-w-horizon/ssv2-streaming/src/main/java/com/snowflake/snowpipestreaming/demo/SSV2WeatherIngest.java. Using fallback presentation compiler.
2026.05.06 10:22:31 INFO  no build target found for /Users/swalia/Desktop/Projects/Summit2026/vhol-snowflake-storage-iceberg-w-horizon/ssv2-streaming/src/main/java/com/snowflake/snowpipestreaming/demo/SSV2WeatherIngest.java. Using fallback presentation compiler.
2026.05.06 10:22:31 INFO  no build target found for /Users/swalia/Desktop/Projects/Summit2026/vhol-snowflake-storage-iceberg-w-horizon/ssv2-streaming/src/main/java/com/snowflake/snowpipestreaming/demo/SSV2WeatherIngest.java. Using fallback presentation compiler.
2026.05.06 10:22:31 INFO  no build target found for /Users/swalia/Desktop/Projects/Summit2026/vhol-snowflake-storage-iceberg-w-horizon/ssv2-streaming/src/main/java/com/snowflake/snowpipestreaming/demo/SSV2WeatherIngest.java. Using fallback presentation compiler.
2026.05.06 10:22:31 INFO  no build target found for /Users/swalia/Desktop/Projects/Summit2026/vhol-snowflake-storage-iceberg-w-horizon/ssv2-streaming/src/main/java/com/snowflake/snowpipestreaming/demo/SSV2WeatherIngest.java. Using fallback presentation compiler.
2026.05.06 10:22:31 INFO  no build target found for /Users/swalia/Desktop/Projects/Summit2026/vhol-snowflake-storage-iceberg-w-horizon/ssv2-streaming/src/main/java/com/snowflake/snowpipestreaming/demo/SSV2WeatherIngest.java. Using fallback presentation compiler.
2026.05.06 10:22:31 INFO  no build target found for /Users/swalia/Desktop/Projects/Summit2026/vhol-snowflake-storage-iceberg-w-horizon/ssv2-streaming/src/main/java/com/snowflake/snowpipestreaming/demo/SSV2WeatherIngest.java. Using fallback presentation compiler.
2026.05.06 10:22:31 INFO  no build target found for /Users/swalia/Desktop/Projects/Summit2026/vhol-snowflake-storage-iceberg-w-horizon/ssv2-streaming/src/main/java/com/snowflake/snowpipestreaming/demo/SSV2WeatherIngest.java. Using fallback presentation compiler.
2026.05.06 10:22:33 INFO  no build target found for /Users/swalia/Desktop/Projects/Summit2026/vhol-snowflake-storage-iceberg-w-horizon/ssv2-streaming/src/main/java/com/snowflake/snowpipestreaming/demo/SSV2WeatherIngest.java. Using fallback presentation compiler.
2026.05.06 10:22:33 INFO  no build target found for /Users/swalia/Desktop/Projects/Summit2026/vhol-snowflake-storage-iceberg-w-horizon/ssv2-streaming/src/main/java/com/snowflake/snowpipestreaming/demo/SSV2WeatherIngest.java. Using fallback presentation compiler.
2026.05.06 10:22:33 INFO  no build target found for /Users/swalia/Desktop/Projects/Summit2026/vhol-snowflake-storage-iceberg-w-horizon/ssv2-streaming/src/main/java/com/snowflake/snowpipestreaming/demo/SSV2WeatherIngest.java. Using fallback presentation compiler.
2026.05.06 10:22:33 INFO  no build target found for /Users/swalia/Desktop/Projects/Summit2026/vhol-snowflake-storage-iceberg-w-horizon/ssv2-streaming/src/main/java/com/snowflake/snowpipestreaming/demo/SSV2WeatherIngest.java. Using fallback presentation compiler.
2026.05.06 10:22:33 INFO  no build target found for /Users/swalia/Desktop/Projects/Summit2026/vhol-snowflake-storage-iceberg-w-horizon/ssv2-streaming/src/main/java/com/snowflake/snowpipestreaming/demo/SSV2WeatherIngest.java. Using fallback presentation compiler.
2026.05.06 10:22:33 INFO  no build target found for /Users/swalia/Desktop/Projects/Summit2026/vhol-snowflake-storage-iceberg-w-horizon/ssv2-streaming/src/main/java/com/snowflake/snowpipestreaming/demo/SSV2WeatherIngest.java. Using fallback presentation compiler.
2026.05.06 10:22:33 INFO  no build target found for /Users/swalia/Desktop/Projects/Summit2026/vhol-snowflake-storage-iceberg-w-horizon/ssv2-streaming/src/main/java/com/snowflake/snowpipestreaming/demo/SSV2WeatherIngest.java. Using fallback presentation compiler.
2026.05.06 10:22:34 INFO  no build target found for /Users/swalia/Desktop/Projects/Summit2026/vhol-snowflake-storage-iceberg-w-horizon/ssv2-streaming/src/main/java/com/snowflake/snowpipestreaming/demo/SSV2WeatherIngest.java. Using fallback presentation compiler.
2026.05.06 10:22:34 INFO  no build target found for /Users/swalia/Desktop/Projects/Summit2026/vhol-snowflake-storage-iceberg-w-horizon/ssv2-streaming/src/main/java/com/snowflake/snowpipestreaming/demo/SSV2WeatherIngest.java. Using fallback presentation compiler.
2026.05.06 10:22:35 WARN  no build target for: /Users/swalia/Desktop/Projects/Summit2026/vhol-snowflake-storage-iceberg-w-horizon/ssv2-streaming/src/main/java/com/snowflake/snowpipestreaming/demo/SSV2WeatherIngest.java
2026.05.06 10:22:35 INFO  no build target found for /Users/swalia/Desktop/Projects/Summit2026/vhol-snowflake-storage-iceberg-w-horizon/ssv2-streaming/src/main/java/com/snowflake/snowpipestreaming/demo/SSV2WeatherIngest.java. Using fallback presentation compiler.
2026.05.06 10:22:35 WARN  no build target for: /Users/swalia/Desktop/Projects/Summit2026/vhol-snowflake-storage-iceberg-w-horizon/ssv2-streaming/src/main/java/com/snowflake/snowpipestreaming/demo/SSV2WeatherIngest.java
2026.05.06 10:22:35 INFO  no build target found for /Users/swalia/Desktop/Projects/Summit2026/vhol-snowflake-storage-iceberg-w-horizon/ssv2-streaming/src/main/java/com/snowflake/snowpipestreaming/demo/SSV2WeatherIngest.java. Using fallback presentation compiler.
2026.05.06 10:22:35 WARN  no build target for: /Users/swalia/Desktop/Projects/Summit2026/vhol-snowflake-storage-iceberg-w-horizon/ssv2-streaming/src/main/java/com/snowflake/snowpipestreaming/demo/SSV2WeatherIngest.java
2026.05.06 10:22:35 INFO  no build target found for /Users/swalia/Desktop/Projects/Summit2026/vhol-snowflake-storage-iceberg-w-horizon/ssv2-streaming/src/main/java/com/snowflake/snowpipestreaming/demo/SSV2WeatherIngest.java. Using fallback presentation compiler.
2026.05.06 10:22:37 INFO  no build target found for /Users/swalia/Desktop/Projects/Summit2026/vhol-snowflake-storage-iceberg-w-horizon/ssv2-streaming/src/main/java/com/snowflake/snowpipestreaming/demo/SSV2WeatherIngest.java. Using fallback presentation compiler.
2026.05.06 10:22:37 INFO  no build target found for /Users/swalia/Desktop/Projects/Summit2026/vhol-snowflake-storage-iceberg-w-horizon/ssv2-streaming/src/main/java/com/snowflake/snowpipestreaming/demo/SSV2WeatherIngest.java. Using fallback presentation compiler.
2026.05.06 10:22:37 INFO  no build target found for /Users/swalia/Desktop/Projects/Summit2026/vhol-snowflake-storage-iceberg-w-horizon/ssv2-streaming/src/main/java/com/snowflake/snowpipestreaming/demo/SSV2WeatherIngest.java. Using fallback presentation compiler.
2026.05.06 10:22:37 INFO  no build target found for /Users/swalia/Desktop/Projects/Summit2026/vhol-snowflake-storage-iceberg-w-horizon/ssv2-streaming/src/main/java/com/snowflake/snowpipestreaming/demo/SSV2WeatherIngest.java. Using fallback presentation compiler.
2026.05.06 10:23:24 INFO  no build target found for /Users/swalia/Desktop/Projects/Summit2026/vhol-snowflake-storage-iceberg-w-horizon/ssv2-streaming/src/main/java/com/snowflake/snowpipestreaming/demo/SSV2WeatherIngest.java. Using fallback presentation compiler.
2026.05.06 10:33:59 INFO  no build target found for /Users/swalia/Desktop/Projects/Summit2026/vhol-snowflake-storage-iceberg-w-horizon/ssv2-streaming/src/main/java/com/snowflake/snowpipestreaming/demo/SSV2WeatherIngest.java. Using fallback presentation compiler.
2026.05.06 10:33:59 INFO  no build target found for /Users/swalia/Desktop/Projects/Summit2026/vhol-snowflake-storage-iceberg-w-horizon/ssv2-streaming/src/main/java/com/snowflake/snowpipestreaming/demo/SSV2WeatherIngest.java. Using fallback presentation compiler.
2026.05.06 12:48:02 INFO  no build target found for /Users/swalia/Desktop/Projects/Summit2026/vhol-snowflake-storage-iceberg-w-horizon/ssv2-streaming/src/main/java/com/snowflake/snowpipestreaming/demo/SSV2WeatherIngest.java. Using fallback presentation compiler.
2026.05.06 12:48:02 INFO  no build target found for /Users/swalia/Desktop/Projects/Summit2026/vhol-snowflake-storage-iceberg-w-horizon/ssv2-streaming/src/main/java/com/snowflake/snowpipestreaming/demo/SSV2WeatherIngest.java. Using fallback presentation compiler.
2026.05.06 12:48:03 INFO  no build target found for /Users/swalia/Desktop/Projects/Summit2026/vhol-snowflake-storage-iceberg-w-horizon/ssv2-streaming/src/main/java/com/snowflake/snowpipestreaming/demo/SSV2WeatherIngest.java. Using fallback presentation compiler.
2026.05.06 12:48:04 WARN  no build target for: /Users/swalia/Desktop/Projects/Summit2026/vhol-snowflake-storage-iceberg-w-horizon/ssv2-streaming/src/main/java/com/snowflake/snowpipestreaming/demo/SSV2WeatherIngest.java
2026.05.06 12:48:03 INFO  no build target found for /Users/swalia/Desktop/Projects/Summit2026/vhol-snowflake-storage-iceberg-w-horizon/ssv2-streaming/src/main/java/com/snowflake/snowpipestreaming/demo/SSV2WeatherIngest.java. Using fallback presentation compiler.
2026.05.06 12:48:04 INFO  no build target found for /Users/swalia/Desktop/Projects/Summit2026/vhol-snowflake-storage-iceberg-w-horizon/ssv2-streaming/src/main/java/com/snowflake/snowpipestreaming/demo/SSV2WeatherIngest.java. Using fallback presentation compiler.
2026.05.06 13:12:55 INFO  no build target found for /Users/swalia/Desktop/Projects/Summit2026/vhol-snowflake-storage-iceberg-w-horizon/ssv2-streaming/src/main/java/com/snowflake/snowpipestreaming/demo/SSV2WeatherIngest.java. Using fallback presentation compiler.
2026.05.06 13:13:01 INFO  no build target found for /Users/swalia/Desktop/Projects/Summit2026/vhol-snowflake-storage-iceberg-w-horizon/ssv2-streaming/src/main/java/com/snowflake/snowpipestreaming/demo/SSV2WeatherIngest.java. Using fallback presentation compiler.
2026.05.06 13:13:01 INFO  no build target found for /Users/swalia/Desktop/Projects/Summit2026/vhol-snowflake-storage-iceberg-w-horizon/ssv2-streaming/src/main/java/com/snowflake/snowpipestreaming/demo/SSV2WeatherIngest.java. Using fallback presentation compiler.
2026.05.06 13:13:05 INFO  no build target found for /Users/swalia/Desktop/Projects/Summit2026/vhol-snowflake-storage-iceberg-w-horizon/ssv2-streaming/src/main/java/com/snowflake/snowpipestreaming/demo/SSV2WeatherIngest.java. Using fallback presentation compiler.
2026.05.06 13:13:15 INFO  no build target found for /Users/swalia/Desktop/Projects/Summit2026/vhol-snowflake-storage-iceberg-w-horizon/ssv2-streaming/src/main/java/com/snowflake/snowpipestreaming/demo/SSV2WeatherIngest.java. Using fallback presentation compiler.
2026.05.06 13:13:15 INFO  no build target found for /Users/swalia/Desktop/Projects/Summit2026/vhol-snowflake-storage-iceberg-w-horizon/ssv2-streaming/src/main/java/com/snowflake/snowpipestreaming/demo/SSV2WeatherIngest.java. Using fallback presentation compiler.
2026.05.06 13:13:16 INFO  no build target found for /Users/swalia/Desktop/Projects/Summit2026/vhol-snowflake-storage-iceberg-w-horizon/ssv2-streaming/src/main/java/com/snowflake/snowpipestreaming/demo/SSV2WeatherIngest.java. Using fallback presentation compiler.
2026.05.06 13:13:19 INFO  no build target found for /Users/swalia/Desktop/Projects/Summit2026/vhol-snowflake-storage-iceberg-w-horizon/ssv2-streaming/src/main/java/com/snowflake/snowpipestreaming/demo/SSV2WeatherIngest.java. Using fallback presentation compiler.
2026.05.06 13:13:22 INFO  no build target found for /Users/swalia/Desktop/Projects/Summit2026/vhol-snowflake-storage-iceberg-w-horizon/ssv2-streaming/src/main/java/com/snowflake/snowpipestreaming/demo/SSV2WeatherIngest.java. Using fallback presentation compiler.
2026.05.06 13:13:24 INFO  no build target found for /Users/swalia/Desktop/Projects/Summit2026/vhol-snowflake-storage-iceberg-w-horizon/ssv2-streaming/src/main/java/com/snowflake/snowpipestreaming/demo/SSV2WeatherIngest.java. Using fallback presentation compiler.
2026.05.06 13:14:26 INFO  no build target found for /Users/swalia/Desktop/Projects/Summit2026/vhol-snowflake-storage-iceberg-w-horizon/ssv2-streaming/src/main/java/com/snowflake/snowpipestreaming/demo/SSV2WeatherIngest.java. Using fallback presentation compiler.
2026.05.06 13:14:26 WARN  no build target for: /Users/swalia/Desktop/Projects/Summit2026/vhol-snowflake-storage-iceberg-w-horizon/ssv2-streaming/src/main/java/com/snowflake/snowpipestreaming/demo/SSV2WeatherIngest.java
2026.05.06 13:14:26 INFO  no build target found for /Users/swalia/Desktop/Projects/Summit2026/vhol-snowflake-storage-iceberg-w-horizon/ssv2-streaming/src/main/java/com/snowflake/snowpipestreaming/demo/SSV2WeatherIngest.java. Using fallback presentation compiler.
2026.05.06 13:14:26 INFO  no build target found for /Users/swalia/Desktop/Projects/Summit2026/vhol-snowflake-storage-iceberg-w-horizon/ssv2-streaming/src/main/java/com/snowflake/snowpipestreaming/demo/SSV2WeatherIngest.java. Using fallback presentation compiler.
2026.05.06 13:14:26 INFO  no build target found for /Users/swalia/Desktop/Projects/Summit2026/vhol-snowflake-storage-iceberg-w-horizon/ssv2-streaming/src/main/java/com/snowflake/snowpipestreaming/demo/SSV2WeatherIngest.java. Using fallback presentation compiler.
2026.05.06 13:14:26 INFO  no build target found for /Users/swalia/Desktop/Projects/Summit2026/vhol-snowflake-storage-iceberg-w-horizon/ssv2-streaming/src/main/java/com/snowflake/snowpipestreaming/demo/SSV2WeatherIngest.java. Using fallback presentation compiler.
2026.05.06 13:14:29 INFO  no build target found for /Users/swalia/Desktop/Projects/Summit2026/vhol-snowflake-storage-iceberg-w-horizon/ssv2-streaming/src/main/java/com/snowflake/snowpipestreaming/demo/SSV2WeatherIngest.java. Using fallback presentation compiler.
2026.05.06 13:14:29 INFO  no build target found for /Users/swalia/Desktop/Projects/Summit2026/vhol-snowflake-storage-iceberg-w-horizon/ssv2-streaming/src/main/java/com/snowflake/snowpipestreaming/demo/SSV2WeatherIngest.java. Using fallback presentation compiler.
2026.05.06 13:14:29 INFO  no build target found for /Users/swalia/Desktop/Projects/Summit2026/vhol-snowflake-storage-iceberg-w-horizon/ssv2-streaming/src/main/java/com/snowflake/snowpipestreaming/demo/SSV2WeatherIngest.java. Using fallback presentation compiler.
2026.05.06 13:14:29 INFO  no build target found for /Users/swalia/Desktop/Projects/Summit2026/vhol-snowflake-storage-iceberg-w-horizon/ssv2-streaming/src/main/java/com/snowflake/snowpipestreaming/demo/SSV2WeatherIngest.java. Using fallback presentation compiler.
2026.05.06 13:14:29 INFO  no build target found for /Users/swalia/Desktop/Projects/Summit2026/vhol-snowflake-storage-iceberg-w-horizon/ssv2-streaming/src/main/java/com/snowflake/snowpipestreaming/demo/SSV2WeatherIngest.java. Using fallback presentation compiler.
2026.05.06 13:14:30 INFO  no build target found for /Users/swalia/Desktop/Projects/Summit2026/vhol-snowflake-storage-iceberg-w-horizon/ssv2-streaming/src/main/java/com/snowflake/snowpipestreaming/demo/SSV2WeatherIngest.java. Using fallback presentation compiler.
2026.05.06 13:14:30 INFO  no build target found for /Users/swalia/Desktop/Projects/Summit2026/vhol-snowflake-storage-iceberg-w-horizon/ssv2-streaming/src/main/java/com/snowflake/snowpipestreaming/demo/SSV2WeatherIngest.java. Using fallback presentation compiler.
2026.05.06 13:14:30 INFO  no build target found for /Users/swalia/Desktop/Projects/Summit2026/vhol-snowflake-storage-iceberg-w-horizon/ssv2-streaming/src/main/java/com/snowflake/snowpipestreaming/demo/SSV2WeatherIngest.java. Using fallback presentation compiler.
2026.05.06 13:14:30 INFO  no build target found for /Users/swalia/Desktop/Projects/Summit2026/vhol-snowflake-storage-iceberg-w-horizon/ssv2-streaming/src/main/java/com/snowflake/snowpipestreaming/demo/SSV2WeatherIngest.java. Using fallback presentation compiler.
2026.05.06 13:14:30 INFO  no build target found for /Users/swalia/Desktop/Projects/Summit2026/vhol-snowflake-storage-iceberg-w-horizon/ssv2-streaming/src/main/java/com/snowflake/snowpipestreaming/demo/SSV2WeatherIngest.java. Using fallback presentation compiler.
2026.05.06 13:14:30 INFO  no build target found for /Users/swalia/Desktop/Projects/Summit2026/vhol-snowflake-storage-iceberg-w-horizon/ssv2-streaming/src/main/java/com/snowflake/snowpipestreaming/demo/SSV2WeatherIngest.java. Using fallback presentation compiler.
2026.05.06 13:14:30 INFO  no build target found for /Users/swalia/Desktop/Projects/Summit2026/vhol-snowflake-storage-iceberg-w-horizon/ssv2-streaming/src/main/java/com/snowflake/snowpipestreaming/demo/SSV2WeatherIngest.java. Using fallback presentation compiler.
2026.05.06 13:14:30 INFO  no build target found for /Users/swalia/Desktop/Projects/Summit2026/vhol-snowflake-storage-iceberg-w-horizon/ssv2-streaming/src/main/java/com/snowflake/snowpipestreaming/demo/SSV2WeatherIngest.java. Using fallback presentation compiler.
2026.05.06 13:14:30 INFO  no build target found for /Users/swalia/Desktop/Projects/Summit2026/vhol-snowflake-storage-iceberg-w-horizon/ssv2-streaming/src/main/java/com/snowflake/snowpipestreaming/demo/SSV2WeatherIngest.java. Using fallback presentation compiler.
2026.05.06 13:14:30 INFO  no build target found for /Users/swalia/Desktop/Projects/Summit2026/vhol-snowflake-storage-iceberg-w-horizon/ssv2-streaming/src/main/java/com/snowflake/snowpipestreaming/demo/SSV2WeatherIngest.java. Using fallback presentation compiler.
2026.05.06 13:14:30 INFO  no build target found for /Users/swalia/Desktop/Projects/Summit2026/vhol-snowflake-storage-iceberg-w-horizon/ssv2-streaming/src/main/java/com/snowflake/snowpipestreaming/demo/SSV2WeatherIngest.java. Using fallback presentation compiler.
2026.05.06 13:14:31 INFO  no build target found for /Users/swalia/Desktop/Projects/Summit2026/vhol-snowflake-storage-iceberg-w-horizon/ssv2-streaming/src/main/java/com/snowflake/snowpipestreaming/demo/SSV2WeatherIngest.java. Using fallback presentation compiler.
2026.05.06 13:14:31 INFO  no build target found for /Users/swalia/Desktop/Projects/Summit2026/vhol-snowflake-storage-iceberg-w-horizon/ssv2-streaming/src/main/java/com/snowflake/snowpipestreaming/demo/SSV2WeatherIngest.java. Using fallback presentation compiler.
2026.05.06 13:14:31 INFO  no build target found for /Users/swalia/Desktop/Projects/Summit2026/vhol-snowflake-storage-iceberg-w-horizon/ssv2-streaming/src/main/java/com/snowflake/snowpipestreaming/demo/SSV2WeatherIngest.java. Using fallback presentation compiler.
2026.05.06 13:14:31 INFO  no build target found for /Users/swalia/Desktop/Projects/Summit2026/vhol-snowflake-storage-iceberg-w-horizon/ssv2-streaming/src/main/java/com/snowflake/snowpipestreaming/demo/SSV2WeatherIngest.java. Using fallback presentation compiler.
2026.05.06 13:14:31 INFO  no build target found for /Users/swalia/Desktop/Projects/Summit2026/vhol-snowflake-storage-iceberg-w-horizon/ssv2-streaming/src/main/java/com/snowflake/snowpipestreaming/demo/SSV2WeatherIngest.java. Using fallback presentation compiler.
2026.05.06 13:14:31 INFO  no build target found for /Users/swalia/Desktop/Projects/Summit2026/vhol-snowflake-storage-iceberg-w-horizon/ssv2-streaming/src/main/java/com/snowflake/snowpipestreaming/demo/SSV2WeatherIngest.java. Using fallback presentation compiler.
2026.05.06 13:14:31 INFO  no build target found for /Users/swalia/Desktop/Projects/Summit2026/vhol-snowflake-storage-iceberg-w-horizon/ssv2-streaming/src/main/java/com/snowflake/snowpipestreaming/demo/SSV2WeatherIngest.java. Using fallback presentation compiler.
2026.05.06 13:14:32 INFO  no build target found for /Users/swalia/Desktop/Projects/Summit2026/vhol-snowflake-storage-iceberg-w-horizon/ssv2-streaming/src/main/java/com/snowflake/snowpipestreaming/demo/SSV2WeatherIngest.java. Using fallback presentation compiler.
2026.05.06 13:14:32 INFO  no build target found for /Users/swalia/Desktop/Projects/Summit2026/vhol-snowflake-storage-iceberg-w-horizon/ssv2-streaming/src/main/java/com/snowflake/snowpipestreaming/demo/SSV2WeatherIngest.java. Using fallback presentation compiler.
2026.05.06 13:14:33 INFO  no build target found for /Users/swalia/Desktop/Projects/Summit2026/vhol-snowflake-storage-iceberg-w-horizon/ssv2-streaming/src/main/java/com/snowflake/snowpipestreaming/demo/SSV2WeatherIngest.java. Using fallback presentation compiler.
2026.05.06 13:14:32 INFO  no build target found for /Users/swalia/Desktop/Projects/Summit2026/vhol-snowflake-storage-iceberg-w-horizon/ssv2-streaming/src/main/java/com/snowflake/snowpipestreaming/demo/SSV2WeatherIngest.java. Using fallback presentation compiler.
2026.05.06 13:14:32 INFO  no build target found for /Users/swalia/Desktop/Projects/Summit2026/vhol-snowflake-storage-iceberg-w-horizon/ssv2-streaming/src/main/java/com/snowflake/snowpipestreaming/demo/SSV2WeatherIngest.java. Using fallback presentation compiler.
2026.05.06 13:14:32 INFO  no build target found for /Users/swalia/Desktop/Projects/Summit2026/vhol-snowflake-storage-iceberg-w-horizon/ssv2-streaming/src/main/java/com/snowflake/snowpipestreaming/demo/SSV2WeatherIngest.java. Using fallback presentation compiler.
2026.05.06 13:14:32 INFO  no build target found for /Users/swalia/Desktop/Projects/Summit2026/vhol-snowflake-storage-iceberg-w-horizon/ssv2-streaming/src/main/java/com/snowflake/snowpipestreaming/demo/SSV2WeatherIngest.java. Using fallback presentation compiler.
2026.05.06 13:14:33 INFO  no build target found for /Users/swalia/Desktop/Projects/Summit2026/vhol-snowflake-storage-iceberg-w-horizon/ssv2-streaming/src/main/java/com/snowflake/snowpipestreaming/demo/SSV2WeatherIngest.java. Using fallback presentation compiler.
2026.05.06 13:14:32 INFO  no build target found for /Users/swalia/Desktop/Projects/Summit2026/vhol-snowflake-storage-iceberg-w-horizon/ssv2-streaming/src/main/java/com/snowflake/snowpipestreaming/demo/SSV2WeatherIngest.java. Using fallback presentation compiler.
2026.05.06 13:14:33 WARN  no build target for: /Users/swalia/Desktop/Projects/Summit2026/vhol-snowflake-storage-iceberg-w-horizon/ssv2-streaming/src/main/java/com/snowflake/snowpipestreaming/demo/SSV2WeatherIngest.java
2026.05.06 13:14:33 INFO  no build target found for /Users/swalia/Desktop/Projects/Summit2026/vhol-snowflake-storage-iceberg-w-horizon/ssv2-streaming/src/main/java/com/snowflake/snowpipestreaming/demo/SSV2WeatherIngest.java. Using fallback presentation compiler.
2026.05.06 13:14:33 WARN  no build target for: /Users/swalia/Desktop/Projects/Summit2026/vhol-snowflake-storage-iceberg-w-horizon/ssv2-streaming/src/main/java/com/snowflake/snowpipestreaming/demo/SSV2WeatherIngest.java
2026.05.06 13:14:33 INFO  no build target found for /Users/swalia/Desktop/Projects/Summit2026/vhol-snowflake-storage-iceberg-w-horizon/ssv2-streaming/src/main/java/com/snowflake/snowpipestreaming/demo/SSV2WeatherIngest.java. Using fallback presentation compiler.
2026.05.06 13:14:34 WARN  no build target for: /Users/swalia/Desktop/Projects/Summit2026/vhol-snowflake-storage-iceberg-w-horizon/ssv2-streaming/src/main/java/com/snowflake/snowpipestreaming/demo/SSV2WeatherIngest.java
2026.05.06 13:14:33 INFO  no build target found for /Users/swalia/Desktop/Projects/Summit2026/vhol-snowflake-storage-iceberg-w-horizon/ssv2-streaming/src/main/java/com/snowflake/snowpipestreaming/demo/SSV2WeatherIngest.java. Using fallback presentation compiler.
2026.05.06 13:15:40 INFO  no build target found for /Users/swalia/Desktop/Projects/Summit2026/vhol-snowflake-storage-iceberg-w-horizon/ssv2-streaming/src/main/java/com/snowflake/snowpipestreaming/demo/SSV2WeatherIngest.java. Using fallback presentation compiler.
2026.05.06 15:04:04 INFO  no build target found for /Users/swalia/Desktop/Projects/Summit2026/vhol-snowflake-storage-iceberg-w-horizon/ssv2-streaming/src/main/java/com/snowflake/snowpipestreaming/demo/SSV2WeatherIngest.java. Using fallback presentation compiler.
2026.05.06 15:04:04 INFO  no build target found for /Users/swalia/Desktop/Projects/Summit2026/vhol-snowflake-storage-iceberg-w-horizon/ssv2-streaming/src/main/java/com/snowflake/snowpipestreaming/demo/SSV2WeatherIngest.java. Using fallback presentation compiler.
2026.05.07 11:40:23 INFO  no build target found for /Users/swalia/Desktop/Projects/Summit2026/vhol-snowflake-storage-iceberg-w-horizon/ssv2-streaming/src/main/java/com/snowflake/snowpipestreaming/demo/SSV2WeatherIngest.java. Using fallback presentation compiler.
2026.05.07 11:48:56 INFO  no build target found for /Users/swalia/Desktop/Projects/Summit2026/vhol-snowflake-storage-iceberg-w-horizon/ssv2-streaming/src/main/java/com/snowflake/snowpipestreaming/demo/SSV2WeatherIngest.java. Using fallback presentation compiler.
